rp,direction,ground_motion,floor_1,floor_2,floor_3,floor_4,floor_5
43,1,1,0.0667448186528497,0.0908551813471502,0.130190155440415,0.204061917098446,0.283440414507772
43,1,2,0.0829007772020725,0.16890103626943,0.198261917098446,0.229114248704663,0.324212435233161
43,1,3,0.084109585492228,0.186735233160622,0.17895518134715,0.211442227979275,0.290613989637306
43,1,4,0.098859585492228,0.166964766839378,0.174961917098446,0.253177202072539,0.382347150259067
43,1,5,0.112894041450777,0.145224611398964,0.152392487046632,0.189395077720207,0.285046632124352
43,1,6,0.127619430051813,0.14270414507772,0.151910362694301,0.214596373056995,0.278761658031088
43,1,7,0.0715054404145078,0.101130310880829,0.114683678756477,0.160143264248705,0.213876943005181
43,1,8,0.0906704663212435,0.122765025906736,0.189708031088083,0.201921502590674,0.277484455958549
43,1,9,0.0769072538860104,0.150041191709845,0.162301295336788,0.184675906735751,0.274582901554404
43,1,10,0.113584715025907,0.203464248704663,0.226565284974093,0.226979792746114,0.33630829015544
43,1,11,0.0910158031088083,0.144268134715026,0.143150518134715,0.14544378238342,0.212655440414508
43,1,12,0.0949129533678757,0.127224352331606,0.146556735751295,0.176777461139896,0.283930051813471
43,1,13,0.129913471502591,0.145257772020725,0.150089637305699,0.186798704663212,0.289163212435233
43,1,14,0.128236010362694,0.189954404145078,0.19955,0.220795336787565,0.344388601036269
43,1,15,0.0659310880829016,0.122284196891192,0.167501295336788,0.195809585492228,0.271310880829016
43,1,16,0.0574461139896373,0.096419689119171,0.119322020725389,0.138947150259067,0.196277720207254
43,1,17,0.0529816062176166,0.108804922279793,0.11599067357513,0.154034715025907,0.188515284974093
43,1,18,0.0607512953367876,0.140447409326425,0.139599481865285,0.162290932642487,0.188887046632124
43,1,19,0.073429274611399,0.0737248704663212,0.0888538860103627,0.0979544041450777,0.127995595854922
43,1,20,0.0502930051813471,0.0496645077720207,0.0527880829015544,0.0656062176165803,0.094379274611399
43,1,21,0.0595673575129534,0.0848466321243523,0.104922538860104,0.124709067357513,0.164374093264249
43,1,22,0.0368748704663212,0.0672839378238342,0.0920367875647669,0.122649740932642,0.17409896373057
43,1,23,0.0801629533678757,0.0932940414507772,0.132828497409326,0.166888860103627,0.281230569948187
43,1,24,0.11814792746114,0.221489896373057,0.314836787564767,0.342466321243523,0.494028497409326
43,1,25,0.141900777202073,0.174262176165803,0.179809844559585,0.237385751295337,0.344997409326425
43,1,26,0.119011139896373,0.141484455958549,0.205996113989637,0.281823834196891,0.419821243523316
43,1,27,0.120515803108808,0.202870725388601,0.269836787564767,0.213232383419689,0.334375647668394
43,1,28,0.0797683937823834,0.108494300518135,0.137398445595855,0.156506735751295,0.224065803108808
43,1,29,0.0998953367875648,0.165732383419689,0.192712176165803,0.138953367875648,0.220162435233161
43,1,30,0.0914103626943005,0.21284585492228,0.215189378238342,0.156991450777202,0.260582901554404
43,1,31,0.076759067357513,0.0849525906735751,0.0968284974093264,0.118738082901554,0.196934196891192
43,1,32,0.0554235751295337,0.0939541450777202,0.109589119170984,0.127733160621762,0.184862176165803
43,1,33,0.129272020725389,0.154954663212435,0.149013730569948,0.163241450777202,0.252481088082902
43,1,34,0.0866347150259067,0.168206994818653,0.187502849740933,0.168750259067358,0.23499170984456
43,1,35,0.0779430051813471,0.141215803108808,0.154561658031088,0.166800777202073,0.216443005181347
43,1,36,0.111019689119171,0.117505440414508,0.134690932642487,0.207965284974093,0.304805699481865
43,1,37,0.0357158031088083,0.0478575129533679,0.0702966321243523,0.0724261658031088,0.116012435233161
43,1,38,0.0445458549222798,0.0797277202072539,0.0922116580310881,0.133530829015544,0.14875518134715
43,1,39,0.112252849740933,0.12490207253886,0.166987564766839,0.228630051813471,0.299427461139896
43,1,40,0.121181865284974,0.135764766839378,0.165786010362694,0.196244300518135,0.25385829015544
43,1,41,0.108503626943005,0.180095336787565,0.212417616580311,0.166671243523316,0.285572538860104
43,1,42,0.0900538860103627,0.180426943005181,0.229713989637306,0.164755440414508,0.252173316062176
43,1,43,0.124782901554404,0.134966839378238,0.146696373056995,0.161643005181347,0.244505958549223
43,1,44,0.111833419689119,0.176545077720207,0.236142227979275,0.301829015544041,0.434531088082902
43,2,1,0.0667448186528497,0.0908551813471502,0.130190155440415,0.204061917098446,0.283440414507772
43,2,2,0.0829007772020725,0.16890103626943,0.198261917098446,0.229114248704663,0.324212435233161
43,2,3,0.084109585492228,0.186735233160622,0.17895518134715,0.211442227979275,0.290613989637306
43,2,4,0.098859585492228,0.166964766839378,0.174961917098446,0.253177202072539,0.382347150259067
43,2,5,0.112894041450777,0.145224611398964,0.152392487046632,0.189395077720207,0.285046632124352
43,2,6,0.127619430051813,0.14270414507772,0.151910362694301,0.214596373056995,0.278761658031088
43,2,7,0.0715054404145078,0.101130310880829,0.114683678756477,0.160143264248705,0.213876943005181
43,2,8,0.0906704663212435,0.122765025906736,0.189708031088083,0.201921502590674,0.277484455958549
43,2,9,0.0769072538860104,0.150041191709845,0.162301295336788,0.184675906735751,0.274582901554404
43,2,10,0.113584715025907,0.203464248704663,0.226565284974093,0.226979792746114,0.33630829015544
43,2,11,0.0910158031088083,0.144268134715026,0.143150518134715,0.14544378238342,0.212655440414508
43,2,12,0.0949129533678757,0.127224352331606,0.146556735751295,0.176777461139896,0.283930051813471
43,2,13,0.129913471502591,0.145257772020725,0.150089637305699,0.186798704663212,0.289163212435233
43,2,14,0.128236010362694,0.189954404145078,0.19955,0.220795336787565,0.344388601036269
43,2,15,0.0659310880829016,0.122284196891192,0.167501295336788,0.195809585492228,0.271310880829016
43,2,16,0.0574461139896373,0.096419689119171,0.119322020725389,0.138947150259067,0.196277720207254
43,2,17,0.0529816062176166,0.108804922279793,0.11599067357513,0.154034715025907,0.188515284974093
43,2,18,0.0607512953367876,0.140447409326425,0.139599481865285,0.162290932642487,0.188887046632124
43,2,19,0.073429274611399,0.0737248704663212,0.0888538860103627,0.0979544041450777,0.127995595854922
43,2,20,0.0502930051813471,0.0496645077720207,0.0527880829015544,0.0656062176165803,0.094379274611399
43,2,21,0.0595673575129534,0.0848466321243523,0.104922538860104,0.124709067357513,0.164374093264249
43,2,22,0.0368748704663212,0.0672839378238342,0.0920367875647669,0.122649740932642,0.17409896373057
43,2,23,0.0801629533678757,0.0932940414507772,0.132828497409326,0.166888860103627,0.281230569948187
43,2,24,0.11814792746114,0.221489896373057,0.314836787564767,0.342466321243523,0.494028497409326
43,2,25,0.141900777202073,0.174262176165803,0.179809844559585,0.237385751295337,0.344997409326425
43,2,26,0.119011139896373,0.141484455958549,0.205996113989637,0.281823834196891,0.419821243523316
43,2,27,0.120515803108808,0.202870725388601,0.269836787564767,0.213232383419689,0.334375647668394
43,2,28,0.0797683937823834,0.108494300518135,0.137398445595855,0.156506735751295,0.224065803108808
43,2,29,0.0998953367875648,0.165732383419689,0.192712176165803,0.138953367875648,0.220162435233161
43,2,30,0.0914103626943005,0.21284585492228,0.215189378238342,0.156991450777202,0.260582901554404
43,2,31,0.076759067357513,0.0849525906735751,0.0968284974093264,0.118738082901554,0.196934196891192
43,2,32,0.0554235751295337,0.0939541450777202,0.109589119170984,0.127733160621762,0.184862176165803
43,2,33,0.129272020725389,0.154954663212435,0.149013730569948,0.163241450777202,0.252481088082902
43,2,34,0.0866347150259067,0.168206994818653,0.187502849740933,0.168750259067358,0.23499170984456
43,2,35,0.0779430051813471,0.141215803108808,0.154561658031088,0.166800777202073,0.216443005181347
43,2,36,0.111019689119171,0.117505440414508,0.134690932642487,0.207965284974093,0.304805699481865
43,2,37,0.0357158031088083,0.0478575129533679,0.0702966321243523,0.0724261658031088,0.116012435233161
43,2,38,0.0445458549222798,0.0797277202072539,0.0922116580310881,0.133530829015544,0.14875518134715
43,2,39,0.112252849740933,0.12490207253886,0.166987564766839,0.228630051813471,0.299427461139896
43,2,40,0.121181865284974,0.135764766839378,0.165786010362694,0.196244300518135,0.25385829015544
43,2,41,0.108503626943005,0.180095336787565,0.212417616580311,0.166671243523316,0.285572538860104
43,2,42,0.0900538860103627,0.180426943005181,0.229713989637306,0.164755440414508,0.252173316062176
43,2,43,0.124782901554404,0.134966839378238,0.146696373056995,0.161643005181347,0.244505958549223
43,2,44,0.111833419689119,0.176545077720207,0.236142227979275,0.301829015544041,0.434531088082902
72,1,1,0.0970834196891192,0.117086010362694,0.170422020725389,0.242422538860104,0.332341968911917
72,1,2,0.120583160621762,0.185348445595855,0.197616580310881,0.271704663212435,0.422347150259067
72,1,3,0.122340932642487,0.157151295336788,0.188292487046632,0.233155699481865,0.372406735751295
72,1,4,0.143795595854922,0.212267357512953,0.261748704663212,0.342142487046632,0.513124352331606
72,1,5,0.164209585492228,0.161211917098446,0.190377202072539,0.230902849740933,0.33069689119171
72,1,6,0.185628238341969,0.22445518134715,0.223471243523316,0.274264248704663,0.390269430051813
72,1,7,0.104007772020725,0.147062694300518,0.155565803108808,0.176118393782383,0.275860103626943
72,1,8,0.131884455958549,0.150583937823834,0.18550207253886,0.216169430051813,0.299572538860104
72,1,9,0.111865025906736,0.291880829015544,0.29819170984456,0.236929533678756,0.36459067357513
72,1,10,0.165214248704663,0.301422279792746,0.380867875647668,0.304722797927461,0.47720207253886
72,1,11,0.132290155440415,0.216766321243523,0.210134455958549,0.184560362694301,0.299173575129534
72,1,12,0.13805518134715,0.160883937823834,0.232374611398964,0.223887823834197,0.39260621761658
72,1,13,0.188964766839378,0.183859067357513,0.193687823834197,0.245069170984456,0.454176165803109
72,1,14,0.186525129533679,0.214652590673575,0.279567357512953,0.333727979274611,0.536632124352332
72,1,15,0.095899481865285,0.151755958549223,0.201219948186529,0.293329015544041,0.419945595854922
72,1,16,0.0835577720207254,0.170656994818653,0.213469948186529,0.253168134715026,0.341046632124352
72,1,17,0.0770639896373057,0.138311658031088,0.13004067357513,0.214871243523316,0.296310880829016
72,1,18,0.0883652849740933,0.141256994818653,0.133912694300518,0.1825,0.235722538860104
72,1,19,0.10680621761658,0.0997810880829016,0.124470984455959,0.139729274611399,0.178313212435233
72,1,20,0.0731533678756477,0.0746217616580311,0.0768764248704663,0.0908036269430052,0.132234455958549
72,1,21,0.0866432642487047,0.106822279792746,0.113762953367876,0.158973834196891,0.190694300518135
72,1,22,0.0536362694300518,0.0975738341968912,0.140936528497409,0.162670984455959,0.203855958549223
72,1,23,0.116600777202073,0.142705958549223,0.204366580310881,0.188657772020725,0.319336787564767
72,1,24,0.171851554404145,0.345886010362694,0.402481865284974,0.453784974093264,0.635847150259067
72,1,25,0.206401295336788,0.241152331606218,0.259313471502591,0.31779792746114,0.472764248704663
72,1,26,0.17310725388601,0.307269430051813,0.373246113989637,0.436331606217617,0.584559585492228
72,1,27,0.175295595854922,0.324318652849741,0.402121761658031,0.283582901554404,0.413336787564767
72,1,28,0.116026683937824,0.210944041450777,0.244018911917098,0.219162953367876,0.336979274611399
72,1,29,0.145302331606218,0.270525906735751,0.28830829015544,0.205790932642487,0.295321243523316
72,1,30,0.129354922279793,0.352139896373057,0.321142487046632,0.221689119170984,0.303134715025907
72,1,31,0.111649740932642,0.196648445595855,0.208611139896373,0.235237564766839,0.271471502590674
72,1,32,0.0806160621761658,0.107472279792746,0.157968652849741,0.198430569948187,0.271658031088083
72,1,33,0.188032124352332,0.199635233160622,0.210601554404145,0.244438341968912,0.334619170984456
72,1,34,0.125525129533679,0.261955958549223,0.244137564766839,0.255724611398964,0.393955958549223
72,1,35,0.113371761658031,0.169746113989637,0.2142,0.29319170984456,0.327139896373057
72,1,36,0.161482901554404,0.15435932642487,0.172598445595855,0.245963212435233,0.381932642487047
72,1,37,0.05195,0.114486787564767,0.124487046632124,0.103896373056995,0.15420414507772
72,1,38,0.0647940414507772,0.100256735751295,0.138679533678756,0.170236528497409,0.18129792746114
72,1,39,0.163276943005181,0.188579015544041,0.209488860103627,0.283502590673575,0.401997409326425
72,1,40,0.176264507772021,0.187644559585492,0.194220207253886,0.267616580310881,0.33120207253886
72,1,41,0.157823575129534,0.321168393782383,0.368484455958549,0.249463212435233,0.394963730569948
72,1,42,0.130987564766839,0.281248704663212,0.33309067357513,0.194465544041451,0.365313471502591
72,1,43,0.181502331606218,0.22784274611399,0.188827979274611,0.213827720207254,0.285411917098446
72,1,44,0.162666839378238,0.309424870466321,0.355310880829016,0.3795,0.57830310880829
72,2,1,0.0970834196891192,0.117086010362694,0.170422020725389,0.242422538860104,0.332341968911917
72,2,2,0.120583160621762,0.185348445595855,0.197616580310881,0.271704663212435,0.422347150259067
72,2,3,0.122340932642487,0.157151295336788,0.188292487046632,0.233155699481865,0.372406735751295
72,2,4,0.143795595854922,0.212267357512953,0.261748704663212,0.342142487046632,0.513124352331606
72,2,5,0.164209585492228,0.161211917098446,0.190377202072539,0.230902849740933,0.33069689119171
72,2,6,0.185628238341969,0.22445518134715,0.223471243523316,0.274264248704663,0.390269430051813
72,2,7,0.104007772020725,0.147062694300518,0.155565803108808,0.176118393782383,0.275860103626943
72,2,8,0.131884455958549,0.150583937823834,0.18550207253886,0.216169430051813,0.299572538860104
72,2,9,0.111865025906736,0.291880829015544,0.29819170984456,0.236929533678756,0.36459067357513
72,2,10,0.165214248704663,0.301422279792746,0.380867875647668,0.304722797927461,0.47720207253886
72,2,11,0.132290155440415,0.216766321243523,0.210134455958549,0.184560362694301,0.299173575129534
72,2,12,0.13805518134715,0.160883937823834,0.232374611398964,0.223887823834197,0.39260621761658
72,2,13,0.188964766839378,0.183859067357513,0.193687823834197,0.245069170984456,0.454176165803109
72,2,14,0.186525129533679,0.214652590673575,0.279567357512953,0.333727979274611,0.536632124352332
72,2,15,0.095899481865285,0.151755958549223,0.201219948186529,0.293329015544041,0.419945595854922
72,2,16,0.0835577720207254,0.170656994818653,0.213469948186529,0.253168134715026,0.341046632124352
72,2,17,0.0770639896373057,0.138311658031088,0.13004067357513,0.214871243523316,0.296310880829016
72,2,18,0.0883652849740933,0.141256994818653,0.133912694300518,0.1825,0.235722538860104
72,2,19,0.10680621761658,0.0997810880829016,0.124470984455959,0.139729274611399,0.178313212435233
72,2,20,0.0731533678756477,0.0746217616580311,0.0768764248704663,0.0908036269430052,0.132234455958549
72,2,21,0.0866432642487047,0.106822279792746,0.113762953367876,0.158973834196891,0.190694300518135
72,2,22,0.0536362694300518,0.0975738341968912,0.140936528497409,0.162670984455959,0.203855958549223
72,2,23,0.116600777202073,0.142705958549223,0.204366580310881,0.188657772020725,0.319336787564767
72,2,24,0.171851554404145,0.345886010362694,0.402481865284974,0.453784974093264,0.635847150259067
72,2,25,0.206401295336788,0.241152331606218,0.259313471502591,0.31779792746114,0.472764248704663
72,2,26,0.17310725388601,0.307269430051813,0.373246113989637,0.436331606217617,0.584559585492228
72,2,27,0.175295595854922,0.324318652849741,0.402121761658031,0.283582901554404,0.413336787564767
72,2,28,0.116026683937824,0.210944041450777,0.244018911917098,0.219162953367876,0.336979274611399
72,2,29,0.145302331606218,0.270525906735751,0.28830829015544,0.205790932642487,0.295321243523316
72,2,30,0.129354922279793,0.352139896373057,0.321142487046632,0.221689119170984,0.303134715025907
72,2,31,0.111649740932642,0.196648445595855,0.208611139896373,0.235237564766839,0.271471502590674
72,2,32,0.0806160621761658,0.107472279792746,0.157968652849741,0.198430569948187,0.271658031088083
72,2,33,0.188032124352332,0.199635233160622,0.210601554404145,0.244438341968912,0.334619170984456
72,2,34,0.125525129533679,0.261955958549223,0.244137564766839,0.255724611398964,0.393955958549223
72,2,35,0.113371761658031,0.169746113989637,0.2142,0.29319170984456,0.327139896373057
72,2,36,0.161482901554404,0.15435932642487,0.172598445595855,0.245963212435233,0.381932642487047
72,2,37,0.05195,0.114486787564767,0.124487046632124,0.103896373056995,0.15420414507772
72,2,38,0.0647940414507772,0.100256735751295,0.138679533678756,0.170236528497409,0.18129792746114
72,2,39,0.163276943005181,0.188579015544041,0.209488860103627,0.283502590673575,0.401997409326425
72,2,40,0.176264507772021,0.187644559585492,0.194220207253886,0.267616580310881,0.33120207253886
72,2,41,0.157823575129534,0.321168393782383,0.368484455958549,0.249463212435233,0.394963730569948
72,2,42,0.130987564766839,0.281248704663212,0.33309067357513,0.194465544041451,0.365313471502591
72,2,43,0.181502331606218,0.22784274611399,0.188827979274611,0.213827720207254,0.285411917098446
72,2,44,0.162666839378238,0.309424870466321,0.355310880829016,0.3795,0.57830310880829
108,1,1,0.127422020725389,0.156538601036269,0.205844300518135,0.291266839378238,0.370554404145078
108,1,2,0.158265284974093,0.288914507772021,0.250511398963731,0.319727979274611,0.493875647668394
108,1,3,0.160572538860104,0.206913989637306,0.238531347150259,0.27729792746114,0.433518134715026
108,1,4,0.188731606217617,0.252611139896373,0.340471502590674,0.383098445595855,0.547727979274611
108,1,5,0.215525129533679,0.232454404145078,0.22270310880829,0.247773575129534,0.396269430051813
108,1,6,0.243637046632124,0.338116580310881,0.24835518134715,0.319217616580311,0.478546632124352
108,1,7,0.136510362694301,0.221372279792746,0.271681347150259,0.238188860103627,0.319681347150259
108,1,8,0.173098186528497,0.2125,0.227469170984456,0.246903626943005,0.345287564766839
108,1,9,0.146822797927461,0.273331606217617,0.29930829015544,0.312883419689119,0.46759585492228
108,1,10,0.21684378238342,0.417347150259067,0.453748704663212,0.375779792746114,0.598209844559585
108,1,11,0.173757512953368,0.216800518134715,0.282515544041451,0.240453367875648,0.399880829015544
108,1,12,0.181197409326425,0.202716839378238,0.274782383419689,0.291961139896373,0.457613989637306
108,1,13,0.247957512953368,0.34269689119171,0.293670984455959,0.370165803108808,0.583481865284974
108,1,14,0.244814507772021,0.35600518134715,0.418108808290155,0.406020725388601,0.576927461139896
108,1,15,0.125868134715026,0.264940414507772,0.31550518134715,0.390924870466321,0.548823834196891
108,1,16,0.109669689119171,0.250717098445596,0.257980051813472,0.330059585492228,0.458901554404145
108,1,17,0.101146632124352,0.140190155440414,0.150082642487047,0.230339119170984,0.328981865284974
108,1,18,0.115979533678756,0.163126424870466,0.163599222797927,0.205681865284974,0.266443005181347
108,1,19,0.140183160621762,0.141675388601036,0.148134715025907,0.168591968911917,0.214023834196891
108,1,20,0.0960139896373057,0.140982642487047,0.122182901554404,0.119682642487047,0.175719689119171
108,1,21,0.113719430051813,0.156270984455959,0.203215025906736,0.236383937823834,0.298624352331606
108,1,22,0.0703976683937824,0.129919430051813,0.136617098445596,0.154946113989637,0.241883678756477
108,1,23,0.153038341968912,0.207568911917098,0.265810880829016,0.233043264248705,0.385282383419689
108,1,24,0.22555518134715,0.452683937823834,0.588961139896373,0.47999481865285,0.713829015544041
108,1,25,0.270147668393782,0.38950518134715,0.473082901554404,0.390129533678756,0.547487046632124
108,1,26,0.22720310880829,0.385284974093264,0.471818652849741,0.487471502590674,0.623730569948187
108,1,27,0.230075647668394,0.406367875647668,0.44350518134715,0.289028497409326,0.491958549222798
108,1,28,0.152284974093264,0.297655440414508,0.343645077720207,0.245859844559585,0.331437823834197
108,1,29,0.187990155440415,0.297735751295337,0.388611398963731,0.297569948186528,0.448922279792746
108,1,30,0.183975647668394,0.373329015544041,0.458015544041451,0.301266839378238,0.421650259067358
108,1,31,0.146540155440415,0.311992227979275,0.294852331606218,0.273240932642487,0.377533678756477
108,1,32,0.10580829015544,0.118769430051813,0.157338082901554,0.184336010362694,0.269655440414508
108,1,33,0.246792227979275,0.321031088082902,0.321689119170984,0.296551813471503,0.455629533678756
108,1,34,0.164751813471503,0.333772020725389,0.295875647668394,0.251436787564767,0.411816062176166
108,1,35,0.148800518134715,0.236916062176166,0.250465025906736,0.306253886010363,0.448730569948187
108,1,36,0.211946373056995,0.211268134715026,0.241862176165803,0.252838341968912,0.43990932642487
108,1,37,0.067819689119171,0.107413989637306,0.141567875647668,0.128749222797927,0.188097668393782
108,1,38,0.0850422279792746,0.119254663212435,0.139084196891192,0.174479015544041,0.224822797927461
108,1,39,0.214300777202073,0.205772538860104,0.251741968911917,0.295852331606218,0.480502590673575
108,1,40,0.23134689119171,0.245561139896373,0.259339378238342,0.282981865284974,0.420738341968912
108,1,41,0.207143523316062,0.305253886010363,0.469564766839378,0.307137305699482,0.458072538860104
108,1,42,0.171920984455959,0.367370466321244,0.354660621761658,0.228038860103627,0.363243523316062
108,1,43,0.237868911917098,0.325588082901554,0.251292487046632,0.241655440414508,0.371233160621762
108,1,44,0.213500259067358,0.311435233160622,0.32879274611399,0.391170984455959,0.63780829015544
108,2,1,0.127422020725389,0.156538601036269,0.205844300518135,0.291266839378238,0.370554404145078
108,2,2,0.158265284974093,0.288914507772021,0.250511398963731,0.319727979274611,0.493875647668394
108,2,3,0.160572538860104,0.206913989637306,0.238531347150259,0.27729792746114,0.433518134715026
108,2,4,0.188731606217617,0.252611139896373,0.340471502590674,0.383098445595855,0.547727979274611
108,2,5,0.215525129533679,0.232454404145078,0.22270310880829,0.247773575129534,0.396269430051813
108,2,6,0.243637046632124,0.338116580310881,0.24835518134715,0.319217616580311,0.478546632124352
108,2,7,0.136510362694301,0.221372279792746,0.271681347150259,0.238188860103627,0.319681347150259
108,2,8,0.173098186528497,0.2125,0.227469170984456,0.246903626943005,0.345287564766839
108,2,9,0.146822797927461,0.273331606217617,0.29930829015544,0.312883419689119,0.46759585492228
108,2,10,0.21684378238342,0.417347150259067,0.453748704663212,0.375779792746114,0.598209844559585
108,2,11,0.173757512953368,0.216800518134715,0.282515544041451,0.240453367875648,0.399880829015544
108,2,12,0.181197409326425,0.202716839378238,0.274782383419689,0.291961139896373,0.457613989637306
108,2,13,0.247957512953368,0.34269689119171,0.293670984455959,0.370165803108808,0.583481865284974
108,2,14,0.244814507772021,0.35600518134715,0.418108808290155,0.406020725388601,0.576927461139896
108,2,15,0.125868134715026,0.264940414507772,0.31550518134715,0.390924870466321,0.548823834196891
108,2,16,0.109669689119171,0.250717098445596,0.257980051813472,0.330059585492228,0.458901554404145
108,2,17,0.101146632124352,0.140190155440414,0.150082642487047,0.230339119170984,0.328981865284974
108,2,18,0.115979533678756,0.163126424870466,0.163599222797927,0.205681865284974,0.266443005181347
108,2,19,0.140183160621762,0.141675388601036,0.148134715025907,0.168591968911917,0.214023834196891
108,2,20,0.0960139896373057,0.140982642487047,0.122182901554404,0.119682642487047,0.175719689119171
108,2,21,0.113719430051813,0.156270984455959,0.203215025906736,0.236383937823834,0.298624352331606
108,2,22,0.0703976683937824,0.129919430051813,0.136617098445596,0.154946113989637,0.241883678756477
108,2,23,0.153038341968912,0.207568911917098,0.265810880829016,0.233043264248705,0.385282383419689
108,2,24,0.22555518134715,0.452683937823834,0.588961139896373,0.47999481865285,0.713829015544041
108,2,25,0.270147668393782,0.38950518134715,0.473082901554404,0.390129533678756,0.547487046632124
108,2,26,0.22720310880829,0.385284974093264,0.471818652849741,0.487471502590674,0.623730569948187
108,2,27,0.230075647668394,0.406367875647668,0.44350518134715,0.289028497409326,0.491958549222798
108,2,28,0.152284974093264,0.297655440414508,0.343645077720207,0.245859844559585,0.331437823834197
108,2,29,0.187990155440415,0.297735751295337,0.388611398963731,0.297569948186528,0.448922279792746
108,2,30,0.183975647668394,0.373329015544041,0.458015544041451,0.301266839378238,0.421650259067358
108,2,31,0.146540155440415,0.311992227979275,0.294852331606218,0.273240932642487,0.377533678756477
108,2,32,0.10580829015544,0.118769430051813,0.157338082901554,0.184336010362694,0.269655440414508
108,2,33,0.246792227979275,0.321031088082902,0.321689119170984,0.296551813471503,0.455629533678756
108,2,34,0.164751813471503,0.333772020725389,0.295875647668394,0.251436787564767,0.411816062176166
108,2,35,0.148800518134715,0.236916062176166,0.250465025906736,0.306253886010363,0.448730569948187
108,2,36,0.211946373056995,0.211268134715026,0.241862176165803,0.252838341968912,0.43990932642487
108,2,37,0.067819689119171,0.107413989637306,0.141567875647668,0.128749222797927,0.188097668393782
108,2,38,0.0850422279792746,0.119254663212435,0.139084196891192,0.174479015544041,0.224822797927461
108,2,39,0.214300777202073,0.205772538860104,0.251741968911917,0.295852331606218,0.480502590673575
108,2,40,0.23134689119171,0.245561139896373,0.259339378238342,0.282981865284974,0.420738341968912
108,2,41,0.207143523316062,0.305253886010363,0.469564766839378,0.307137305699482,0.458072538860104
108,2,42,0.171920984455959,0.367370466321244,0.354660621761658,0.228038860103627,0.363243523316062
108,2,43,0.237868911917098,0.325588082901554,0.251292487046632,0.241655440414508,0.371233160621762
108,2,44,0.213500259067358,0.311435233160622,0.32879274611399,0.391170984455959,0.63780829015544
224,1,1,0.194167098445596,0.228227979274611,0.339326424870466,0.363015544041451,0.524577720207254
224,1,2,0.241166062176166,0.399979274611399,0.48310621761658,0.444717616580311,0.60569689119171
224,1,3,0.244682124352332,0.306746113989637,0.344443005181347,0.353049222797927,0.567564766839378
224,1,4,0.28759067357513,0.395932642487047,0.529880829015544,0.423787564766839,0.653168393782383
224,1,5,0.328419689119171,0.365362694300518,0.346178756476684,0.31239378238342,0.548603626943005
224,1,6,0.371256476683938,0.381963730569948,0.315764248704663,0.448386010362694,0.594396373056995
224,1,7,0.208015544041451,0.477103626943005,0.3689896373057,0.302689119170984,0.435458549222798
224,1,8,0.263176165803109,0.263665803108808,0.329194300518135,0.34769689119171,0.488458549222798
224,1,9,0.223729792746114,0.291645077720207,0.342839378238342,0.405243523316062,0.650668393782383
224,1,10,0.327163212435233,0.442932642487047,0.61139378238342,0.474642487046632,0.690230569948186
224,1,11,0.264772020725389,0.34219689119171,0.349349740932642,0.26869689119171,0.456463730569948
224,1,12,0.275829015544041,0.296715025906736,0.337147668393782,0.332134715025907,0.544603626943005
224,1,13,0.377930051813472,0.596246113989637,0.591779792746114,0.501847150259067,0.817538860103627
224,1,14,0.373049222797928,0.472274611398964,0.445673575129534,0.450069948186529,0.687191709844559
224,1,15,0.191404663212435,0.467121761658031,0.451305699481865,0.411953367875648,0.527955958549223
224,1,16,0.167115803108808,0.261256476683938,0.322937823834197,0.414577720207254,0.578217616580311
224,1,17,0.154128238341969,0.19989170984456,0.219233160621762,0.300582901554404,0.46599481865285
224,1,18,0.176730829015544,0.210101813471503,0.263510362694301,0.278036269430052,0.411567357512953
224,1,19,0.213612435233161,0.250429274611399,0.255162176165803,0.23529067357513,0.318064766839378
224,1,20,0.146306994818653,0.245097409326425,0.264326424870466,0.180556476683938,0.240122797927461
224,1,21,0.172972538860104,0.351468911917098,0.413479274611399,0.384772020725389,0.51420725388601
224,1,22,0.107272538860104,0.182557772020725,0.222608808290155,0.168050777202073,0.242365803108808
224,1,23,0.233201295336788,0.297025906735751,0.377349740932643,0.364422279792746,0.540927461139896
224,1,24,0.343613989637306,0.597373056994819,0.665458549222798,0.501240932642487,0.797253886010363
224,1,25,0.411080310880829,0.544834196891192,0.697199481865285,0.454386010362694,0.677572538860104
224,1,26,0.346215025906736,0.563251295336788,0.581487046632124,0.552854922279793,0.755466321243523
224,1,27,0.35059067357513,0.507468911917098,0.617341968911917,0.361637305699482,0.659981865284974
224,1,28,0.231927720207254,0.398575129533679,0.395906735751295,0.263165803108808,0.437419689119171
224,1,29,0.288533678756477,0.628466321243523,0.540541450777202,0.400823834196891,0.627497409326425
224,1,30,0.273132124352332,0.515984455958549,0.565611398963731,0.452733160621762,0.571790155440415
224,1,31,0.223299222797927,0.487727979274611,0.321235751295337,0.334507772020725,0.495430051813471
224,1,32,0.161231865284974,0.167175906735751,0.222488860103627,0.239383160621762,0.380077720207254
224,1,33,0.376064766839378,0.540813471502591,0.444357512953368,0.434326424870466,0.581165803108808
224,1,34,0.253005699481865,0.490160621761658,0.453676165803109,0.353854922279793,0.56940414507772
224,1,35,0.226743523316062,0.374427461139896,0.424010362694301,0.397396373056995,0.564930051813471
224,1,36,0.322966321243523,0.398461139896373,0.408562176165803,0.290502590673575,0.498230569948187
224,1,37,0.103900259067358,0.160260103626943,0.19999481865285,0.229839896373057,0.30949481865285
224,1,38,0.129588341968912,0.183993005181347,0.18195829015544,0.202050518134715,0.277116580310881
224,1,39,0.326554404145078,0.50030829015544,0.547310880829016,0.547471502590674,0.673751295336788
224,1,40,0.348233160621762,0.459261658031088,0.521396373056995,0.418489637305699,0.635471502590674
224,1,41,0.315647668393782,0.481295336787565,0.607829015544041,0.474155440414508,0.617222797927461
224,1,42,0.261974093264249,0.577676165803109,0.755740932642487,0.407841968911917,0.528474093264249
224,1,43,0.36300518134715,0.533088082901554,0.409264248704663,0.334875647668394,0.54069689119171
224,1,44,0.325334196891192,0.449805699481865,0.431129533678756,0.453663212435233,0.754329015544041
224,2,1,0.194167098445596,0.228227979274611,0.339326424870466,0.363015544041451,0.524577720207254
224,2,2,0.241166062176166,0.399979274611399,0.48310621761658,0.444717616580311,0.60569689119171
224,2,3,0.244682124352332,0.306746113989637,0.344443005181347,0.353049222797927,0.567564766839378
224,2,4,0.28759067357513,0.395932642487047,0.529880829015544,0.423787564766839,0.653168393782383
224,2,5,0.328419689119171,0.365362694300518,0.346178756476684,0.31239378238342,0.548603626943005
224,2,6,0.371256476683938,0.381963730569948,0.315764248704663,0.448386010362694,0.594396373056995
224,2,7,0.208015544041451,0.477103626943005,0.3689896373057,0.302689119170984,0.435458549222798
224,2,8,0.263176165803109,0.263665803108808,0.329194300518135,0.34769689119171,0.488458549222798
224,2,9,0.223729792746114,0.291645077720207,0.342839378238342,0.405243523316062,0.650668393782383
224,2,10,0.327163212435233,0.442932642487047,0.61139378238342,0.474642487046632,0.690230569948186
224,2,11,0.264772020725389,0.34219689119171,0.349349740932642,0.26869689119171,0.456463730569948
224,2,12,0.275829015544041,0.296715025906736,0.337147668393782,0.332134715025907,0.544603626943005
224,2,13,0.377930051813472,0.596246113989637,0.591779792746114,0.501847150259067,0.817538860103627
224,2,14,0.373049222797928,0.472274611398964,0.445673575129534,0.450069948186529,0.687191709844559
224,2,15,0.191404663212435,0.467121761658031,0.451305699481865,0.411953367875648,0.527955958549223
224,2,16,0.167115803108808,0.261256476683938,0.322937823834197,0.414577720207254,0.578217616580311
224,2,17,0.154128238341969,0.19989170984456,0.219233160621762,0.300582901554404,0.46599481865285
224,2,18,0.176730829015544,0.210101813471503,0.263510362694301,0.278036269430052,0.411567357512953
224,2,19,0.213612435233161,0.250429274611399,0.255162176165803,0.23529067357513,0.318064766839378
224,2,20,0.146306994818653,0.245097409326425,0.264326424870466,0.180556476683938,0.240122797927461
224,2,21,0.172972538860104,0.351468911917098,0.413479274611399,0.384772020725389,0.51420725388601
224,2,22,0.107272538860104,0.182557772020725,0.222608808290155,0.168050777202073,0.242365803108808
224,2,23,0.233201295336788,0.297025906735751,0.377349740932643,0.364422279792746,0.540927461139896
224,2,24,0.343613989637306,0.597373056994819,0.665458549222798,0.501240932642487,0.797253886010363
224,2,25,0.411080310880829,0.544834196891192,0.697199481865285,0.454386010362694,0.677572538860104
224,2,26,0.346215025906736,0.563251295336788,0.581487046632124,0.552854922279793,0.755466321243523
224,2,27,0.35059067357513,0.507468911917098,0.617341968911917,0.361637305699482,0.659981865284974
224,2,28,0.231927720207254,0.398575129533679,0.395906735751295,0.263165803108808,0.437419689119171
224,2,29,0.288533678756477,0.628466321243523,0.540541450777202,0.400823834196891,0.627497409326425
224,2,30,0.273132124352332,0.515984455958549,0.565611398963731,0.452733160621762,0.571790155440415
224,2,31,0.223299222797927,0.487727979274611,0.321235751295337,0.334507772020725,0.495430051813471
224,2,32,0.161231865284974,0.167175906735751,0.222488860103627,0.239383160621762,0.380077720207254
224,2,33,0.376064766839378,0.540813471502591,0.444357512953368,0.434326424870466,0.581165803108808
224,2,34,0.253005699481865,0.490160621761658,0.453676165803109,0.353854922279793,0.56940414507772
224,2,35,0.226743523316062,0.374427461139896,0.424010362694301,0.397396373056995,0.564930051813471
224,2,36,0.322966321243523,0.398461139896373,0.408562176165803,0.290502590673575,0.498230569948187
224,2,37,0.103900259067358,0.160260103626943,0.19999481865285,0.229839896373057,0.30949481865285
224,2,38,0.129588341968912,0.183993005181347,0.18195829015544,0.202050518134715,0.277116580310881
224,2,39,0.326554404145078,0.50030829015544,0.547310880829016,0.547471502590674,0.673751295336788
224,2,40,0.348233160621762,0.459261658031088,0.521396373056995,0.418489637305699,0.635471502590674
224,2,41,0.315647668393782,0.481295336787565,0.607829015544041,0.474155440414508,0.617222797927461
224,2,42,0.261974093264249,0.577676165803109,0.755740932642487,0.407841968911917,0.528474093264249
224,2,43,0.36300518134715,0.533088082901554,0.409264248704663,0.334875647668394,0.54069689119171
224,2,44,0.325334196891192,0.449805699481865,0.431129533678756,0.453663212435233,0.754329015544041
475,1,1,0.297318652849741,0.430259067357513,0.429417098445596,0.446497409326425,0.592158031088083
475,1,2,0.369284974093264,0.441551813471503,0.473147668393782,0.447272020725389,0.701544041450777
475,1,3,0.374668393782383,0.389354922279793,0.464126943005181,0.433676165803109,0.714318652849741
475,1,4,0.440373056994819,0.661966321243523,0.799365284974093,0.678862694300518,0.894248704663212
475,1,5,0.502891191709845,0.528386010362694,0.496215025906736,0.454282383419689,0.670031088082902
475,1,6,0.568487046632124,0.570367875647668,0.49019170984456,0.468121761658031,0.831227979274611
475,1,7,0.318523316062176,0.593919689119171,0.598189119170985,0.507753886010363,0.6224896373057
475,1,8,0.403896373056995,0.484914507772021,0.578497409326425,0.521217616580311,0.718056994818653
475,1,9,0.342585492227979,0.501616580310881,0.565556994818653,0.550461139896373,0.786362694300518
475,1,10,0.505968911917098,0.586875647668394,0.673121761658031,0.541878238341969,0.798378238341969
475,1,11,0.404608808290155,0.635341968911917,0.632388601036269,0.365119170984456,0.531891191709845
475,1,12,0.422396373056995,0.946129533678757,0.843031088082902,0.769725388601036,0.766072538860104
475,1,13,0.578704663212435,0.680108808290155,0.583774611398964,0.564795336787565,0.79259585492228
475,1,14,0.570189119170984,0.76329792746114,0.54529274611399,0.556445595854922,0.789248704663212
475,1,15,0.293088082901554,0.517238341968912,0.478562176165803,0.482759067357513,0.689715025906736
475,1,16,0.255731088082902,0.500178756476684,0.522290155440415,0.50530310880829,0.702085492227979
475,1,17,0.236008808290155,0.275660621761658,0.299564766839378,0.362183937823834,0.593054404145078
475,1,18,0.270619170984456,0.301077720207254,0.345069948186529,0.390637305699482,0.583748704663212
475,1,19,0.327093264248705,0.39409067357513,0.398435233160622,0.25939896373057,0.345676165803109
475,1,20,0.224032642487047,0.323873056994819,0.373248704663212,0.219835233160622,0.350341968911917
475,1,21,0.265344559585492,0.365699481865285,0.395968911917098,0.442492227979275,0.621829015544041
475,1,22,0.164261139896373,0.230867616580311,0.293619170984456,0.289935233160622,0.409458549222798
475,1,23,0.35709067357513,0.513528497409326,0.567186528497409,0.464430051813472,0.650683937823834
475,1,24,0.526225388601036,0.564725388601036,0.518533678756477,0.478209844559585,0.834023316062176
475,1,25,0.632103626943005,0.680204663212435,0.700419689119171,0.490751295336788,0.828924870466321
475,1,26,0.530139896373057,0.584059585492228,0.687699481865285,0.628033678756477,0.851536269430052
475,1,27,0.536841968911917,0.833849740932642,0.81160621761658,0.471217616580311,0.883248704663212
475,1,28,0.355331606217617,0.637137305699482,0.736865284974093,0.388759067357513,0.579525906735751
475,1,29,0.438642487046632,0.754352331606218,0.786943005181347,0.502090673575129,0.801176165803109
475,1,30,0.401670984455959,0.641502590673575,0.729538860103627,0.480531088082902,0.704678756476684
475,1,31,0.341240932642487,0.723950777202073,0.626204663212435,0.544626943005181,0.725515544041451
475,1,32,0.246666580310881,0.293531088082902,0.317891191709845,0.270930051813471,0.445880829015544
475,1,33,0.570712435233161,0.786251295336788,0.763046632124352,0.625012953367876,0.806383419689119
475,1,34,0.384419689119171,0.498251295336788,0.537512953367876,0.472085492227979,0.697069948186529
475,1,35,0.34720207253886,0.50089896373057,0.490538860103627,0.433124352331606,0.716383419689119
475,1,36,0.494541450777202,0.51989896373057,0.52519170984456,0.365287564766839,0.653632124352332
475,1,37,0.159097150259067,0.296531088082902,0.373860103626943,0.369888601036269,0.507924870466321
475,1,38,0.198431865284974,0.395502590673575,0.352124352331606,0.395455958549223,0.512603626943005
475,1,39,0.500036269430052,0.57909585492228,0.508220207253886,0.56480310880829,0.883269430051813
475,1,40,0.539810880829016,0.487585492227979,0.521378238341969,0.467751295336788,0.769676165803109
475,1,41,0.483334196891192,0.948266839378238,0.921564766839378,0.552339378238342,0.788401554404145
475,1,42,0.401150259067358,0.573401554404145,0.719663212435233,0.472367875647668,0.704598445595855
475,1,43,0.555852331606218,0.651958549222798,0.74180310880829,0.521098445595855,0.77069689119171
475,1,44,0.498168393782383,0.499277202072539,0.515616580310881,0.493453367875648,0.850556994818653
475,2,1,0.297318652849741,0.430259067357513,0.429417098445596,0.446497409326425,0.592158031088083
475,2,2,0.369284974093264,0.441551813471503,0.473147668393782,0.447272020725389,0.701544041450777
475,2,3,0.374668393782383,0.389354922279793,0.464126943005181,0.433676165803109,0.714318652849741
475,2,4,0.440373056994819,0.661966321243523,0.799365284974093,0.678862694300518,0.894248704663212
475,2,5,0.502891191709845,0.528386010362694,0.496215025906736,0.454282383419689,0.670031088082902
475,2,6,0.568487046632124,0.570367875647668,0.49019170984456,0.468121761658031,0.831227979274611
475,2,7,0.318523316062176,0.593919689119171,0.598189119170985,0.507753886010363,0.6224896373057
475,2,8,0.403896373056995,0.484914507772021,0.578497409326425,0.521217616580311,0.718056994818653
475,2,9,0.342585492227979,0.501616580310881,0.565556994818653,0.550461139896373,0.786362694300518
475,2,10,0.505968911917098,0.586875647668394,0.673121761658031,0.541878238341969,0.798378238341969
475,2,11,0.404608808290155,0.635341968911917,0.632388601036269,0.365119170984456,0.531891191709845
475,2,12,0.422396373056995,0.946129533678757,0.843031088082902,0.769725388601036,0.766072538860104
475,2,13,0.578704663212435,0.680108808290155,0.583774611398964,0.564795336787565,0.79259585492228
475,2,14,0.570189119170984,0.76329792746114,0.54529274611399,0.556445595854922,0.789248704663212
475,2,15,0.293088082901554,0.517238341968912,0.478562176165803,0.482759067357513,0.689715025906736
475,2,16,0.255731088082902,0.500178756476684,0.522290155440415,0.50530310880829,0.702085492227979
475,2,17,0.236008808290155,0.275660621761658,0.299564766839378,0.362183937823834,0.593054404145078
475,2,18,0.270619170984456,0.301077720207254,0.345069948186529,0.390637305699482,0.583748704663212
475,2,19,0.327093264248705,0.39409067357513,0.398435233160622,0.25939896373057,0.345676165803109
475,2,20,0.224032642487047,0.323873056994819,0.373248704663212,0.219835233160622,0.350341968911917
475,2,21,0.265344559585492,0.365699481865285,0.395968911917098,0.442492227979275,0.621829015544041
475,2,22,0.164261139896373,0.230867616580311,0.293619170984456,0.289935233160622,0.409458549222798
475,2,23,0.35709067357513,0.513528497409326,0.567186528497409,0.464430051813472,0.650683937823834
475,2,24,0.526225388601036,0.564725388601036,0.518533678756477,0.478209844559585,0.834023316062176
475,2,25,0.632103626943005,0.680204663212435,0.700419689119171,0.490751295336788,0.828924870466321
475,2,26,0.530139896373057,0.584059585492228,0.687699481865285,0.628033678756477,0.851536269430052
475,2,27,0.536841968911917,0.833849740932642,0.81160621761658,0.471217616580311,0.883248704663212
475,2,28,0.355331606217617,0.637137305699482,0.736865284974093,0.388759067357513,0.579525906735751
475,2,29,0.438642487046632,0.754352331606218,0.786943005181347,0.502090673575129,0.801176165803109
475,2,30,0.401670984455959,0.641502590673575,0.729538860103627,0.480531088082902,0.704678756476684
475,2,31,0.341240932642487,0.723950777202073,0.626204663212435,0.544626943005181,0.725515544041451
475,2,32,0.246666580310881,0.293531088082902,0.317891191709845,0.270930051813471,0.445880829015544
475,2,33,0.570712435233161,0.786251295336788,0.763046632124352,0.625012953367876,0.806383419689119
475,2,34,0.384419689119171,0.498251295336788,0.537512953367876,0.472085492227979,0.697069948186529
475,2,35,0.34720207253886,0.50089896373057,0.490538860103627,0.433124352331606,0.716383419689119
475,2,36,0.494541450777202,0.51989896373057,0.52519170984456,0.365287564766839,0.653632124352332
475,2,37,0.159097150259067,0.296531088082902,0.373860103626943,0.369888601036269,0.507924870466321
475,2,38,0.198431865284974,0.395502590673575,0.352124352331606,0.395455958549223,0.512603626943005
475,2,39,0.500036269430052,0.57909585492228,0.508220207253886,0.56480310880829,0.883269430051813
475,2,40,0.539810880829016,0.487585492227979,0.521378238341969,0.467751295336788,0.769676165803109
475,2,41,0.483334196891192,0.948266839378238,0.921564766839378,0.552339378238342,0.788401554404145
475,2,42,0.401150259067358,0.573401554404145,0.719663212435233,0.472367875647668,0.704598445595855
475,2,43,0.555852331606218,0.651958549222798,0.74180310880829,0.521098445595855,0.77069689119171
475,2,44,0.498168393782383,0.499277202072539,0.515616580310881,0.493453367875648,0.850556994818653
975,1,1,0.41260621761658,0.715787564766839,0.708212435233161,0.498961139896373,0.739769430051813
975,1,2,0.506950777202072,0.506704663212435,0.576284974093264,0.514743523316062,0.844673575129534
975,1,3,0.519948186528497,1.05018911917098,0.557329015544041,0.493031088082902,0.762784974093264
975,1,4,0.611132124352332,1.1999378238342,0.961611398963731,0.880976683937824,1.06871502590674
975,1,5,0.697891191709845,1.00906994818653,0.793406735751295,0.448525906735751,0.838111398963731
975,1,6,0.788919689119171,1.62562435233161,1.38637046632124,0.728857512953368,0.819722797927461
975,1,7,0.442033678756477,0.521961139896373,0.555300518134715,0.496476683937824,0.707002590673575
975,1,8,0.560507772020725,0.620033678756477,0.583924870466321,0.567204663212435,0.815458549222798
975,1,9,0.475424870466321,0.791132124352332,0.849204663212435,0.723041450777202,0.858453367875648
975,1,10,0.702160621761658,0.699660621761658,0.731352331606218,0.538924870466321,0.937235751295337
975,1,11,0.561823834196891,1.02323575129534,0.907717616580311,0.511686528497409,0.770437823834197
975,1,12,0.586181347150259,1.25749740932642,0.916113989637306,0.529948186528497,0.811007772020725
975,1,13,0.80310103626943,0.967663212435233,0.856036269430052,0.667629533678756,1.1274481865285
975,1,14,0.792733160621762,0.886751295336788,0.871645077720207,0.50759585492228,0.963562176165803
975,1,15,0.407572538860104,0.600875647668394,0.659867875647668,0.609051813471503,0.783966321243523
975,1,16,0.354891191709845,0.52820207253886,0.589997409326425,0.480686528497409,0.769215025906736
975,1,17,0.327523316062176,0.408272020725389,0.505443005181347,0.401062176165803,0.707652849740933
975,1,18,0.375551813471503,0.403549222797927,0.44670725388601,0.466108808290155,0.673300518134715
975,1,19,0.453927461139896,0.604940414507772,0.766886010362694,0.480476683937824,0.673795336787565
975,1,20,0.309492227979275,0.533950777202073,0.550538860103627,0.393676165803109,0.605608808290155
975,1,21,0.366233160621762,0.48860103626943,0.488997409326425,0.424911917098446,0.677497409326425
975,1,22,0.227954404145078,0.367673575129534,0.443098445595855,0.395414507772021,0.508976683937824
975,1,23,0.495551813471503,0.71879274611399,0.822979274611399,0.609064766839378,0.737906735751295
975,1,24,0.730367875647668,0.699847150259067,0.671455958549223,0.550007772020725,0.924971502590674
975,1,25,0.874764248704663,0.963466321243523,0.899209844559586,0.806976683937824,0.979354922279793
975,1,26,0.735323834196891,0.78819689119171,1.06110103626943,0.658287564766839,0.907860103626943
975,1,27,0.738411917098446,1.17053886010363,1.16993523316062,0.647639896373057,1.06884974093264
975,1,28,0.493113989637306,0.794720207253886,0.675427461139896,0.437512953367876,0.673886010362694
975,1,29,0.610930051813471,1.19219689119171,0.977932642487047,0.735321243523316,1.06788601036269
975,1,30,0.554647668393782,1.06161398963731,0.86780829015544,0.673790155440415,0.99240932642487
975,1,31,0.473556994818653,0.604943005181347,0.552323834196891,0.454873056994819,0.717113989637306
975,1,32,0.342160621761658,0.310748704663212,0.385310880829016,0.405870466321244,0.669844559585492
975,1,33,0.792007772020725,0.76329792746114,0.822790155440414,0.689976683937824,0.831044041450777
975,1,34,0.532834196891192,0.777256476683938,0.763834196891192,0.536544041450777,0.899911917098446
975,1,35,0.481829015544041,0.597974093264249,0.580132124352332,0.618619170984456,0.745357512953368
975,1,36,0.68630310880829,0.64440414507772,0.710113989637306,0.531922279792746,0.845525906735751
975,1,37,0.220787823834197,0.658875647668394,0.604132124352332,0.542782383419689,0.604751295336788
975,1,38,0.275318652849741,0.60070207253886,0.691041450777202,0.513430051813471,0.677805699481865
975,1,39,0.693927461139896,0.816329015544041,0.706582901554404,0.763528497409326,1.09081606217617
975,1,40,0.749124352331606,0.619471502590674,0.480782383419689,0.510367875647668,0.892279792746114
975,1,41,0.670751295336788,1.07657772020725,1.1739378238342,0.708155440414508,0.894546632124352
975,1,42,0.55669689119171,0.896497409326425,0.988204663212435,0.554046632124352,0.864841968911917
975,1,43,0.769098445595855,0.832839378238342,0.85019689119171,0.546559585492228,0.851199481865285
975,1,44,0.691334196891192,1.18831606217617,0.630243523316062,0.740867875647668,0.961818652849741
975,2,1,0.41260621761658,0.715787564766839,0.708212435233161,0.498961139896373,0.739769430051813
975,2,2,0.506950777202072,0.506704663212435,0.576284974093264,0.514743523316062,0.844673575129534
975,2,3,0.519948186528497,1.05018911917098,0.557329015544041,0.493031088082902,0.762784974093264
975,2,4,0.611132124352332,1.1999378238342,0.961611398963731,0.880976683937824,1.06871502590674
975,2,5,0.697891191709845,1.00906994818653,0.793406735751295,0.448525906735751,0.838111398963731
975,2,6,0.788919689119171,1.62562435233161,1.38637046632124,0.728857512953368,0.819722797927461
975,2,7,0.442033678756477,0.521961139896373,0.555300518134715,0.496476683937824,0.707002590673575
975,2,8,0.560507772020725,0.620033678756477,0.583924870466321,0.567204663212435,0.815458549222798
975,2,9,0.475424870466321,0.791132124352332,0.849204663212435,0.723041450777202,0.858453367875648
975,2,10,0.702160621761658,0.699660621761658,0.731352331606218,0.538924870466321,0.937235751295337
975,2,11,0.561823834196891,1.02323575129534,0.907717616580311,0.511686528497409,0.770437823834197
975,2,12,0.586181347150259,1.25749740932642,0.916113989637306,0.529948186528497,0.811007772020725
975,2,13,0.80310103626943,0.967663212435233,0.856036269430052,0.667629533678756,1.1274481865285
975,2,14,0.792733160621762,0.886751295336788,0.871645077720207,0.50759585492228,0.963562176165803
975,2,15,0.407572538860104,0.600875647668394,0.659867875647668,0.609051813471503,0.783966321243523
975,2,16,0.354891191709845,0.52820207253886,0.589997409326425,0.480686528497409,0.769215025906736
975,2,17,0.327523316062176,0.408272020725389,0.505443005181347,0.401062176165803,0.707652849740933
975,2,18,0.375551813471503,0.403549222797927,0.44670725388601,0.466108808290155,0.673300518134715
975,2,19,0.453927461139896,0.604940414507772,0.766886010362694,0.480476683937824,0.673795336787565
975,2,20,0.309492227979275,0.533950777202073,0.550538860103627,0.393676165803109,0.605608808290155
975,2,21,0.366233160621762,0.48860103626943,0.488997409326425,0.424911917098446,0.677497409326425
975,2,22,0.227954404145078,0.367673575129534,0.443098445595855,0.395414507772021,0.508976683937824
975,2,23,0.495551813471503,0.71879274611399,0.822979274611399,0.609064766839378,0.737906735751295
975,2,24,0.730367875647668,0.699847150259067,0.671455958549223,0.550007772020725,0.924971502590674
975,2,25,0.874764248704663,0.963466321243523,0.899209844559586,0.806976683937824,0.979354922279793
975,2,26,0.735323834196891,0.78819689119171,1.06110103626943,0.658287564766839,0.907860103626943
975,2,27,0.738411917098446,1.17053886010363,1.16993523316062,0.647639896373057,1.06884974093264
975,2,28,0.493113989637306,0.794720207253886,0.675427461139896,0.437512953367876,0.673886010362694
975,2,29,0.610930051813471,1.19219689119171,0.977932642487047,0.735321243523316,1.06788601036269
975,2,30,0.554647668393782,1.06161398963731,0.86780829015544,0.673790155440415,0.99240932642487
975,2,31,0.473556994818653,0.604943005181347,0.552323834196891,0.454873056994819,0.717113989637306
975,2,32,0.342160621761658,0.310748704663212,0.385310880829016,0.405870466321244,0.669844559585492
975,2,33,0.792007772020725,0.76329792746114,0.822790155440414,0.689976683937824,0.831044041450777
975,2,34,0.532834196891192,0.777256476683938,0.763834196891192,0.536544041450777,0.899911917098446
975,2,35,0.481829015544041,0.597974093264249,0.580132124352332,0.618619170984456,0.745357512953368
975,2,36,0.68630310880829,0.64440414507772,0.710113989637306,0.531922279792746,0.845525906735751
975,2,37,0.220787823834197,0.658875647668394,0.604132124352332,0.542782383419689,0.604751295336788
975,2,38,0.275318652849741,0.60070207253886,0.691041450777202,0.513430051813471,0.677805699481865
975,2,39,0.693927461139896,0.816329015544041,0.706582901554404,0.763528497409326,1.09081606217617
975,2,40,0.749124352331606,0.619471502590674,0.480782383419689,0.510367875647668,0.892279792746114
975,2,41,0.670751295336788,1.07657772020725,1.1739378238342,0.708155440414508,0.894546632124352
975,2,42,0.55669689119171,0.896497409326425,0.988204663212435,0.554046632124352,0.864841968911917
975,2,43,0.769098445595855,0.832839378238342,0.85019689119171,0.546559585492228,0.851199481865285
975,2,44,0.691334196891192,1.18831606217617,0.630243523316062,0.740867875647668,0.961818652849741
2475,1,1,0.604753886010363,0.888958549222798,0.977663212435233,0.496979274611399,0.786637305699482
2475,1,2,0.753645077720207,5.93518134715026,1.84936528497409,0.712650259067358,0.979901554404145
2475,1,3,0.764632124352332,0.881624352331606,0.910284974093264,0.58309067357513,0.934373056994819
2475,1,4,0.898722797927461,0.916507772020725,0.917352331606218,0.512194300518135,1.11436787564767
2475,1,5,1.01235233160622,1.21813471502591,1.21850259067358,0.757694300518135,0.918670984455959
2475,1,6,1.15687046632124,1.10330310880829,0.937945595854922,0.681155440414508,0.865261658031088
2475,1,7,0.650049222797928,1.04160362694301,0.837549222797927,0.646544041450777,0.754481865284974
2475,1,8,0.824277202072539,0.728984455958549,0.677277202072539,0.524401554404145,0.924580310880829
2475,1,9,0.692652849740933,0.929740932642487,0.903852331606218,0.664391191709845,0.934274611398964
2475,1,10,1.03003886010363,1.06297409326425,1.11986528497409,0.601240932642487,1.01630569948187
2475,1,11,0.825735751295337,1.8534792746114,1.16815803108808,0.592334196891192,0.967313471502591
2475,1,12,0.861668393782383,1.32623056994819,1.35581606217617,0.910569948186529,1.0930621761658
2475,1,13,1.1810310880829,1.46083160621762,1.28333160621762,0.785790155440415,1.36022797927461
2475,1,14,1.16578238341969,1.07325129533679,0.885370466321244,0.638235751295337,1.07580829015544
2475,1,15,0.598362694300518,2.2885518134715,0.876966321243523,0.617756476683938,0.860051813471503
2475,1,16,0.521901554404145,0.767287564766839,0.697979274611399,0.539867875647668,0.854891191709845
2475,1,17,0.481650259067358,0.484458549222798,0.528699481865285,0.517062176165803,0.841639896373057
2475,1,18,0.552284974093264,0.620126943005181,0.570670984455959,0.421919689119171,0.908310880829016
2475,1,19,0.665577720207254,1.41457512953368,1.00326424870466,0.667396373056995,1.0324585492228
2475,1,20,0.457209844559586,0.702383419689119,0.804533678756477,0.477147668393782,0.787326424870466
2475,1,21,0.541520725388601,0.800183937823834,0.788689119170985,0.716225388601036,0.813137305699482
2475,1,22,0.325753886010363,0.607323834196891,0.662243523316062,0.493896373056995,0.698088082901554
2475,1,23,0.728753886010363,1.09861139896373,0.934145077720207,0.542119170984456,1.03258808290155
2475,1,24,1.0740725388601,1.1704274611399,1.28868911917098,0.801284974093264,1.12659067357513
2475,1,25,1.28462694300518,1.55567357512953,1.2195621761658,0.649360103626943,1.09558808290155
2475,1,26,1.08136010362694,1.07225647668394,1.29720207253886,0.759121761658031,1.02561139896373
2475,1,27,1.08589896373057,1.55070466321244,1.492,0.812253886010363,1.43658549222798
2475,1,28,0.724943005181347,1.27963730569948,1.09333937823834,0.6544896373057,0.97660621761658
2475,1,29,0.908139896373057,1.42698704663212,1.29879274611399,0.77860621761658,1.19870725388601
2475,1,30,0.876075129533679,1.10802331606218,1.25374611398964,0.780831606217617,1.15902331606218
2475,1,31,0.69570725388601,3.25603626943005,2.08905699481865,1.0344896373057,1.30560880829016
2475,1,32,0.503176165803109,0.601124352331606,0.587914507772021,0.437093264248705,0.667878238341969
2475,1,33,1.16365284974093,1.52259067357513,1.00369689119171,0.755559585492228,1.23318911917098
2475,1,34,0.785932642487047,1.18678497409326,1.04649740932642,0.678339378238342,1.01829274611399
2475,1,35,0.703528497409326,0.855479274611399,0.795440414507772,0.538259067357513,0.834836787564767
2475,1,36,1.00926943005181,0.87699481865285,0.691419689119171,0.639378238341969,1.07124352331606
2475,1,37,0.322950777202073,0.662865284974093,0.580639896373057,0.511031088082902,0.737841968911917
2475,1,38,0.404795336787565,0.458176165803109,0.592562176165803,0.452826424870466,0.741287564766839
2475,1,39,1.01779015544041,1.0305310880829,0.860686528497409,0.782126943005181,1.1719067357513
2475,1,40,1.08528238341969,1.55418134715026,1.20634455958549,0.711269430051814,0.995116580310881
2475,1,41,0.986396373056995,1.77229274611399,1.16565803108808,0.686124352331606,1.09978756476684
2475,1,42,0.818670984455959,1.22830569948187,1.5540621761658,0.767740932642487,1.14392227979275
2475,1,43,1.13102590673575,1.25898445595855,1.27843005181347,0.599453367875648,1.07312953367876
2475,1,44,1.01627720207254,2.19118911917098,1.05246632124352,0.784953367875648,1.1254689119171
2475,2,1,0.604753886010363,0.888958549222798,0.977663212435233,0.496979274611399,0.786637305699482
2475,2,2,0.753645077720207,5.93518134715026,1.84936528497409,0.712650259067358,0.979901554404145
2475,2,3,0.764632124352332,0.881624352331606,0.910284974093264,0.58309067357513,0.934373056994819
2475,2,4,0.898722797927461,0.916507772020725,0.917352331606218,0.512194300518135,1.11436787564767
2475,2,5,1.01235233160622,1.21813471502591,1.21850259067358,0.757694300518135,0.918670984455959
2475,2,6,1.15687046632124,1.10330310880829,0.937945595854922,0.681155440414508,0.865261658031088
2475,2,7,0.650049222797928,1.04160362694301,0.837549222797927,0.646544041450777,0.754481865284974
2475,2,8,0.824277202072539,0.728984455958549,0.677277202072539,0.524401554404145,0.924580310880829
2475,2,9,0.692652849740933,0.929740932642487,0.903852331606218,0.664391191709845,0.934274611398964
2475,2,10,1.03003886010363,1.06297409326425,1.11986528497409,0.601240932642487,1.01630569948187
2475,2,11,0.825735751295337,1.8534792746114,1.16815803108808,0.592334196891192,0.967313471502591
2475,2,12,0.861668393782383,1.32623056994819,1.35581606217617,0.910569948186529,1.0930621761658
2475,2,13,1.1810310880829,1.46083160621762,1.28333160621762,0.785790155440415,1.36022797927461
2475,2,14,1.16578238341969,1.07325129533679,0.885370466321244,0.638235751295337,1.07580829015544
2475,2,15,0.598362694300518,2.2885518134715,0.876966321243523,0.617756476683938,0.860051813471503
2475,2,16,0.521901554404145,0.767287564766839,0.697979274611399,0.539867875647668,0.854891191709845
2475,2,17,0.481650259067358,0.484458549222798,0.528699481865285,0.517062176165803,0.841639896373057
2475,2,18,0.552284974093264,0.620126943005181,0.570670984455959,0.421919689119171,0.908310880829016
2475,2,19,0.665577720207254,1.41457512953368,1.00326424870466,0.667396373056995,1.0324585492228
2475,2,20,0.457209844559586,0.702383419689119,0.804533678756477,0.477147668393782,0.787326424870466
2475,2,21,0.541520725388601,0.800183937823834,0.788689119170985,0.716225388601036,0.813137305699482
2475,2,22,0.325753886010363,0.607323834196891,0.662243523316062,0.493896373056995,0.698088082901554
2475,2,23,0.728753886010363,1.09861139896373,0.934145077720207,0.542119170984456,1.03258808290155
2475,2,24,1.0740725388601,1.1704274611399,1.28868911917098,0.801284974093264,1.12659067357513
2475,2,25,1.28462694300518,1.55567357512953,1.2195621761658,0.649360103626943,1.09558808290155
2475,2,26,1.08136010362694,1.07225647668394,1.29720207253886,0.759121761658031,1.02561139896373
2475,2,27,1.08589896373057,1.55070466321244,1.492,0.812253886010363,1.43658549222798
2475,2,28,0.724943005181347,1.27963730569948,1.09333937823834,0.6544896373057,0.97660621761658
2475,2,29,0.908139896373057,1.42698704663212,1.29879274611399,0.77860621761658,1.19870725388601
2475,2,30,0.876075129533679,1.10802331606218,1.25374611398964,0.780831606217617,1.15902331606218
2475,2,31,0.69570725388601,3.25603626943005,2.08905699481865,1.0344896373057,1.30560880829016
2475,2,32,0.503176165803109,0.601124352331606,0.587914507772021,0.437093264248705,0.667878238341969
2475,2,33,1.16365284974093,1.52259067357513,1.00369689119171,0.755559585492228,1.23318911917098
2475,2,34,0.785932642487047,1.18678497409326,1.04649740932642,0.678339378238342,1.01829274611399
2475,2,35,0.703528497409326,0.855479274611399,0.795440414507772,0.538259067357513,0.834836787564767
2475,2,36,1.00926943005181,0.87699481865285,0.691419689119171,0.639378238341969,1.07124352331606
2475,2,37,0.322950777202073,0.662865284974093,0.580639896373057,0.511031088082902,0.737841968911917
2475,2,38,0.404795336787565,0.458176165803109,0.592562176165803,0.452826424870466,0.741287564766839
2475,2,39,1.01779015544041,1.0305310880829,0.860686528497409,0.782126943005181,1.1719067357513
2475,2,40,1.08528238341969,1.55418134715026,1.20634455958549,0.711269430051814,0.995116580310881
2475,2,41,0.986396373056995,1.77229274611399,1.16565803108808,0.686124352331606,1.09978756476684
2475,2,42,0.818670984455959,1.22830569948187,1.5540621761658,0.767740932642487,1.14392227979275
2475,2,43,1.13102590673575,1.25898445595855,1.27843005181347,0.599453367875648,1.07312953367876
2475,2,44,1.01627720207254,2.19118911917098,1.05246632124352,0.784953367875648,1.1254689119171
4975,1,1,0.776668393782383,0.878961139896373,1.28704922279793,0.772753886010363,0.884455958549223
4975,1,2,0.964665803108808,1.02422538860104,1.09089119170984,0.663533678756477,0.994639896373057
4975,1,3,0.978082901554404,1.44494300518135,0.809038860103627,0.53380829015544,1.02227461139896
4975,1,4,1.15036528497409,1.15189637305699,0.996510362694301,0.625378238341969,1.28946632124352
4975,1,5,1.30176683937824,1.67730310880829,1.21230051813472,0.65959067357513,1.12119948186529
4975,1,6,1.48079274611399,5.33235751295337,3.5320207253886,0.798961139896373,0.905927461139896
4975,1,7,0.831489637305699,1.04249740932642,1.06390155440415,0.570018134715026,0.906230569948187
4975,1,8,1.05122797927461,1.12620725388601,1.09972538860104,0.630909326424871,1.03180569948187
4975,1,9,0.88659585492228,1.11895077720207,1.0830518134715,0.780277202072539,0.99359067357513
4975,1,10,1.32171502590674,1.15031088082902,1.16514766839378,0.691349740932642,1.21222797927461
4975,1,11,1.05694041450777,2.25697409326425,1.53653626943005,0.76629792746114,1.2534170984456
4975,1,12,1.10340155440415,1.86734715025907,1.71214248704663,0.933183937823834,1.27979274611399
4975,1,13,1.51109067357513,2.11779274611399,1.6489689119171,0.837025906735751,1.51193264248705
4975,1,14,1.49220207253886,1.3959585492228,1.29271761658031,0.743435233160622,1.26907512953368
4975,1,15,0.766406735751295,0.658448186528497,0.619430051813471,0.555341968911917,0.893347150259067
4975,1,16,0.668463730569948,0.849738341968912,0.765911917098446,0.594862694300518,0.905430051813471
4975,1,17,0.616512953367876,0.654492227979275,0.558479274611399,0.513375647668394,0.823735751295337
4975,1,18,0.706922279792746,0.79419689119171,0.685751295336788,0.506681347150259,0.75490932642487
4975,1,19,0.852567357512953,1.53290932642487,1.06378756476684,0.805992227979275,1.27065284974093
4975,1,20,0.583290155440415,0.702826424870466,0.844961139896373,0.536360103626943,0.803145077720207
4975,1,21,0.693145077720207,0.823116580310881,0.808689119170984,0.573173575129534,0.825186528497409
4975,1,22,0.42909067357513,0.739531088082902,0.700569948186529,0.499093264248705,0.851761658031088
4975,1,23,0.932805699481865,1.42735751295337,1.11654663212435,0.85100518134715,1.15934715025907
4975,1,24,1.37463212435233,2.67277202072539,1.78331088082902,1.03214507772021,1.43092487046632
4975,1,25,1.65120984455959,2.0700829015544,1.58325388601036,0.879974093264249,1.36454663212435
4975,1,26,1.3845,1.34606994818653,1.29664766839378,0.893896373056995,1.22917616580311
4975,1,27,1.40236528497409,2.14567616580311,1.56036269430052,0.952567357512953,1.62113989637306
4975,1,28,0.927927461139896,1.21104663212435,1.08090155440415,0.723611398963731,1.00183160621762
4975,1,29,1.16241968911917,1.44318134715026,1.45735233160622,1.1839067357513,1.29421243523316
4975,1,30,1.12137564766839,1.40273316062176,1.70932383419689,1.08077202072539,1.17681606217617
4975,1,31,0.89319689119171,0.973344559585492,1.0299378238342,0.646492227979275,1.07622020725389
4975,1,32,0.644927461139896,0.65679274611399,0.580357512953368,0.4574896373057,0.777515544041451
4975,1,33,1.50425647668394,1.59702331606218,1.01066062176166,0.739502590673575,1.27611658031088
4975,1,34,1.00420207253886,1.7199170984456,1.3184067357513,0.785652849740933,1.23425906735751
4975,1,35,0.894059585492228,1.18349481865285,1.69960362694301,1.21750518134715,1.1220518134715
4975,1,36,1.28490414507772,1.18547150259067,1.08903886010363,0.679251295336788,1.16225129533679
4975,1,37,0.41560103626943,0.570165803108808,0.661567357512953,0.518253886010363,0.756932642487047
4975,1,38,0.518352331606218,0.549235751295337,0.569588082901554,0.498572538860104,0.692178756476684
4975,1,39,1.30449222797927,1.23511398963731,1.00156994818653,0.930932642487047,1.30422020725389
4975,1,40,1.38916321243523,1.1664067357513,1.02164507772021,0.656829015544041,1.21951295336788
4975,1,41,1.26258808290155,2.2819585492228,1.69087305699482,0.830256476683938,1.24570207253886
4975,1,42,1.04789896373057,1.27943523316062,1.48876683937824,0.915655440414508,1.28662694300518
4975,1,43,1.4520207253886,1.82921243523316,1.25368134715026,0.680891191709845,1.30341450777202
4975,1,44,1.30133678756477,1.6405207253886,1.22777202072539,0.789373056994819,1.23080310880829
4975,2,1,0.776668393782383,0.878961139896373,1.28704922279793,0.772753886010363,0.884455958549223
4975,2,2,0.964665803108808,1.02422538860104,1.09089119170984,0.663533678756477,0.994639896373057
4975,2,3,0.978082901554404,1.44494300518135,0.809038860103627,0.53380829015544,1.02227461139896
4975,2,4,1.15036528497409,1.15189637305699,0.996510362694301,0.625378238341969,1.28946632124352
4975,2,5,1.30176683937824,1.67730310880829,1.21230051813472,0.65959067357513,1.12119948186529
4975,2,6,1.48079274611399,5.33235751295337,3.5320207253886,0.798961139896373,0.905927461139896
4975,2,7,0.831489637305699,1.04249740932642,1.06390155440415,0.570018134715026,0.906230569948187
4975,2,8,1.05122797927461,1.12620725388601,1.09972538860104,0.630909326424871,1.03180569948187
4975,2,9,0.88659585492228,1.11895077720207,1.0830518134715,0.780277202072539,0.99359067357513
4975,2,10,1.32171502590674,1.15031088082902,1.16514766839378,0.691349740932642,1.21222797927461
4975,2,11,1.05694041450777,2.25697409326425,1.53653626943005,0.76629792746114,1.2534170984456
4975,2,12,1.10340155440415,1.86734715025907,1.71214248704663,0.933183937823834,1.27979274611399
4975,2,13,1.51109067357513,2.11779274611399,1.6489689119171,0.837025906735751,1.51193264248705
4975,2,14,1.49220207253886,1.3959585492228,1.29271761658031,0.743435233160622,1.26907512953368
4975,2,15,0.766406735751295,0.658448186528497,0.619430051813471,0.555341968911917,0.893347150259067
4975,2,16,0.668463730569948,0.849738341968912,0.765911917098446,0.594862694300518,0.905430051813471
4975,2,17,0.616512953367876,0.654492227979275,0.558479274611399,0.513375647668394,0.823735751295337
4975,2,18,0.706922279792746,0.79419689119171,0.685751295336788,0.506681347150259,0.75490932642487
4975,2,19,0.852567357512953,1.53290932642487,1.06378756476684,0.805992227979275,1.27065284974093
4975,2,20,0.583290155440415,0.702826424870466,0.844961139896373,0.536360103626943,0.803145077720207
4975,2,21,0.693145077720207,0.823116580310881,0.808689119170984,0.573173575129534,0.825186528497409
4975,2,22,0.42909067357513,0.739531088082902,0.700569948186529,0.499093264248705,0.851761658031088
4975,2,23,0.932805699481865,1.42735751295337,1.11654663212435,0.85100518134715,1.15934715025907
4975,2,24,1.37463212435233,2.67277202072539,1.78331088082902,1.03214507772021,1.43092487046632
4975,2,25,1.65120984455959,2.0700829015544,1.58325388601036,0.879974093264249,1.36454663212435
4975,2,26,1.3845,1.34606994818653,1.29664766839378,0.893896373056995,1.22917616580311
4975,2,27,1.40236528497409,2.14567616580311,1.56036269430052,0.952567357512953,1.62113989637306
4975,2,28,0.927927461139896,1.21104663212435,1.08090155440415,0.723611398963731,1.00183160621762
4975,2,29,1.16241968911917,1.44318134715026,1.45735233160622,1.1839067357513,1.29421243523316
4975,2,30,1.12137564766839,1.40273316062176,1.70932383419689,1.08077202072539,1.17681606217617
4975,2,31,0.89319689119171,0.973344559585492,1.0299378238342,0.646492227979275,1.07622020725389
4975,2,32,0.644927461139896,0.65679274611399,0.580357512953368,0.4574896373057,0.777515544041451
4975,2,33,1.50425647668394,1.59702331606218,1.01066062176166,0.739502590673575,1.27611658031088
4975,2,34,1.00420207253886,1.7199170984456,1.3184067357513,0.785652849740933,1.23425906735751
4975,2,35,0.894059585492228,1.18349481865285,1.69960362694301,1.21750518134715,1.1220518134715
4975,2,36,1.28490414507772,1.18547150259067,1.08903886010363,0.679251295336788,1.16225129533679
4975,2,37,0.41560103626943,0.570165803108808,0.661567357512953,0.518253886010363,0.756932642487047
4975,2,38,0.518352331606218,0.549235751295337,0.569588082901554,0.498572538860104,0.692178756476684
4975,2,39,1.30449222797927,1.23511398963731,1.00156994818653,0.930932642487047,1.30422020725389
4975,2,40,1.38916321243523,1.1664067357513,1.02164507772021,0.656829015544041,1.21951295336788
4975,2,41,1.26258808290155,2.2819585492228,1.69087305699482,0.830256476683938,1.24570207253886
4975,2,42,1.04789896373057,1.27943523316062,1.48876683937824,0.915655440414508,1.28662694300518
4975,2,43,1.4520207253886,1.82921243523316,1.25368134715026,0.680891191709845,1.30341450777202
4975,2,44,1.30133678756477,1.6405207253886,1.22777202072539,0.789373056994819,1.23080310880829
