sa,rp,direction,gm,floor_1,floor_2,floor_3,floor_4,floor_5
0.149,43,1,1,0.24089948758129,0.388671735751273,0.43138485492228,0.198601585492235,0.564732533678756
0.149,43,1,2,0.12725972420555,0.230946409326431,0.24891271502591,0.224602056994819,0.291384378238342
0.149,43,1,3,0.0695080351740167,0.311012678756477,0.370253611398964,0.396615269430052,0.387731590673575
0.149,43,1,4,0.0915007614570878,0.254058093264249,0.304780113989637,0.244936544041448,0.331430761658033
0.149,43,1,5,0.108878350314642,0.338132430051813,0.333065601036269,0.262420031088083,0.496756834196891
0.149,43,1,6,0.0756384540386668,0.455021808290155,0.465987010362695,0.483341849740933,0.494598989637306
0.149,43,1,7,0.0764678223299098,0.59255650777202,0.570233031088083,0.494932772020726,0.47037489119171
0.149,43,1,8,0.0503331354937372,0.484992562176166,0.482726015544041,0.517976533678757,0.533215134715026
0.149,43,1,9,0.131407308116237,0.524285512953368,0.442156544041451,0.354977196891192,0.471863497409329
0.149,43,1,10,0.141533347196894,0.34672314507772,0.322128720207252,0.277037590673575,0.418467196891194
0.149,43,1,11,0.101675160940948,0.463439595854913,0.519939595854913,0.419569383419689,0.486555590673575
0.149,43,1,12,0.129666656614056,0.516772031088083,0.493650269430052,0.464778212435226,0.666424663212435
0.149,43,1,13,0.0814051501115006,0.294878051813468,0.319315088082907,0.286333046632124,0.382952917098446
0.149,43,1,14,0.132427576491027,0.221779549222798,0.229733958549223,0.224683103626943,0.324534056994819
0.149,43,1,15,0.125094949254132,0.526806119170984,0.50942529015544,0.481622906735751,0.444246538860104
0.149,43,1,16,0.0847206651727582,0.384302683937829,0.382663046632132,0.349262720207254,0.389151155440415
0.149,43,1,17,0.0665050555399639,0.346909808290153,0.389275093264247,0.393628766839377,0.388645347150259
0.149,43,1,18,0.102011411958834,0.403136170984453,0.373956378238338,0.318294979274608,0.307409658031083
0.149,43,1,19,0.0770697883691088,0.218084077720234,0.2597861502591,0.287025984455963,0.375385906735751
0.149,43,1,20,0.0833799726731961,0.216741528497415,0.253978316062183,0.303402854922284,0.342106595854922
0.149,43,1,21,0.0669361442246787,0.281354404145078,0.27863418134715,0.320467196891192,0.359664347150259
0.149,43,1,22,0.062448214111312,0.335251950777202,0.355161,0.398298305699482,0.434905041450777
0.149,43,1,23,0.0753392144125271,0.431098880829029,0.368469658031101,0.339430269430059,0.34854873056995
0.149,43,1,24,0.0881836853724258,0.474548435233172,0.444785922279808,0.407614160621782,0.387631518134748
0.149,43,1,25,0.124054053229368,0.580113134715021,0.568625310880826,0.416028445595855,0.554988031088083
0.149,43,1,26,0.148856044076132,0.42814741450777,0.382982367875642,0.358842544041451,0.440464305699482
0.149,43,1,27,0.169920029276674,0.495758284974093,0.429255015544041,0.34943770984456,0.358084352331607
0.149,43,1,28,0.0455186049959073,0.482640310880829,0.519126062176166,0.554215699481865,0.57471725388601
0.149,43,1,29,0.0508740380101179,0.353925031088083,0.344760186528497,0.325544383419689,0.346767932642487
0.149,43,1,30,0.0626117709173041,0.399394865284974,0.363583839378238,0.403560041450777,0.445172497409326
0.149,43,1,31,0.097278011594791,0.407685222797927,0.328808844559585,0.290515606217617,0.243337398963731
0.149,43,1,32,0.105680003289631,0.498643020725389,0.466574911917098,0.447234756476684,0.446056518134715
0.149,43,1,33,0.114614595475761,0.304526492227982,0.270711772020725,0.258801554404146,0.265014170984456
0.149,43,1,34,0.100429599844055,0.368728551813471,0.317229601036269,0.283137642487046,0.321139113989637
0.149,43,1,35,0.0665277449687605,0.295287409326425,0.293644274611399,0.308060124352332,0.365073077720207
0.149,43,1,36,0.0688338279517626,0.480285834196891,0.45677529015544,0.452725626943005,0.500465886010363
0.149,43,1,37,0.114637437325357,0.412929709844561,0.353709502590676,0.351360264248705,0.433701450777197
0.149,43,1,38,0.0997169293861279,0.31842777202073,0.32684192746114,0.304718134715027,0.36700081865285
0.149,43,1,39,0.0945520245186419,0.587533015544041,0.554320424870466,0.46505310362694,0.490651077720207
0.149,43,1,40,0.0823690048821502,0.552317176165804,0.530857215025909,0.469574507772022,0.518859823834197
0.149,43,1,41,0.0446372781251025,0.308874129533679,0.358766870466323,0.419114637305701,0.465105829015545
0.149,43,1,42,0.0453691318777586,0.245033238341969,0.255806010362694,0.295976616580311,0.329938015544041
0.149,43,1,43,0.064669026260123,0.200787196891195,0.214344492227979,0.224375424870469,0.255987818652853
0.149,43,1,44,0.0841195692934986,0.228106062176165,0.221164018134715,0.213616248704664,0.239199393782382
0.149,43,2,1,0.24089948758129,0.388671735751273,0.43138485492228,0.198601585492235,0.564732533678756
0.149,43,2,2,0.12725972420555,0.230946409326431,0.24891271502591,0.224602056994819,0.291384378238342
0.149,43,2,3,0.0695080351740167,0.311012678756477,0.370253611398964,0.396615269430052,0.387731590673575
0.149,43,2,4,0.0915007614570878,0.254058093264249,0.304780113989637,0.244936544041448,0.331430761658033
0.149,43,2,5,0.108878350314642,0.338132430051813,0.333065601036269,0.262420031088083,0.496756834196891
0.149,43,2,6,0.0756384540386668,0.455021808290155,0.465987010362695,0.483341849740933,0.494598989637306
0.149,43,2,7,0.0764678223299098,0.59255650777202,0.570233031088083,0.494932772020726,0.47037489119171
0.149,43,2,8,0.0503331354937372,0.484992562176166,0.482726015544041,0.517976533678757,0.533215134715026
0.149,43,2,9,0.131407308116237,0.524285512953368,0.442156544041451,0.354977196891192,0.471863497409329
0.149,43,2,10,0.141533347196894,0.34672314507772,0.322128720207252,0.277037590673575,0.418467196891194
0.149,43,2,11,0.101675160940948,0.463439595854913,0.519939595854913,0.419569383419689,0.486555590673575
0.149,43,2,12,0.129666656614056,0.516772031088083,0.493650269430052,0.464778212435226,0.666424663212435
0.149,43,2,13,0.0814051501115006,0.294878051813468,0.319315088082907,0.286333046632124,0.382952917098446
0.149,43,2,14,0.132427576491027,0.221779549222798,0.229733958549223,0.224683103626943,0.324534056994819
0.149,43,2,15,0.125094949254132,0.526806119170984,0.50942529015544,0.481622906735751,0.444246538860104
0.149,43,2,16,0.0847206651727582,0.384302683937829,0.382663046632132,0.349262720207254,0.389151155440415
0.149,43,2,17,0.0665050555399639,0.346909808290153,0.389275093264247,0.393628766839377,0.388645347150259
0.149,43,2,18,0.102011411958834,0.403136170984453,0.373956378238338,0.318294979274608,0.307409658031083
0.149,43,2,19,0.0770697883691088,0.218084077720234,0.2597861502591,0.287025984455963,0.375385906735751
0.149,43,2,20,0.0833799726731961,0.216741528497415,0.253978316062183,0.303402854922284,0.342106595854922
0.149,43,2,21,0.0669361442246787,0.281354404145078,0.27863418134715,0.320467196891192,0.359664347150259
0.149,43,2,22,0.062448214111312,0.335251950777202,0.355161,0.398298305699482,0.434905041450777
0.149,43,2,23,0.0753392144125271,0.431098880829029,0.368469658031101,0.339430269430059,0.34854873056995
0.149,43,2,24,0.0881836853724258,0.474548435233172,0.444785922279808,0.407614160621782,0.387631518134748
0.149,43,2,25,0.124054053229368,0.580113134715021,0.568625310880826,0.416028445595855,0.554988031088083
0.149,43,2,26,0.148856044076132,0.42814741450777,0.382982367875642,0.358842544041451,0.440464305699482
0.149,43,2,27,0.169920029276674,0.495758284974093,0.429255015544041,0.34943770984456,0.358084352331607
0.149,43,2,28,0.0455186049959073,0.482640310880829,0.519126062176166,0.554215699481865,0.57471725388601
0.149,43,2,29,0.0508740380101179,0.353925031088083,0.344760186528497,0.325544383419689,0.346767932642487
0.149,43,2,30,0.0626117709173041,0.399394865284974,0.363583839378238,0.403560041450777,0.445172497409326
0.149,43,2,31,0.097278011594791,0.407685222797927,0.328808844559585,0.290515606217617,0.243337398963731
0.149,43,2,32,0.105680003289631,0.498643020725389,0.466574911917098,0.447234756476684,0.446056518134715
0.149,43,2,33,0.114614595475761,0.304526492227982,0.270711772020725,0.258801554404146,0.265014170984456
0.149,43,2,34,0.100429599844055,0.368728551813471,0.317229601036269,0.283137642487046,0.321139113989637
0.149,43,2,35,0.0665277449687605,0.295287409326425,0.293644274611399,0.308060124352332,0.365073077720207
0.149,43,2,36,0.0688338279517626,0.480285834196891,0.45677529015544,0.452725626943005,0.500465886010363
0.149,43,2,37,0.114637437325357,0.412929709844561,0.353709502590676,0.351360264248705,0.433701450777197
0.149,43,2,38,0.0997169293861279,0.31842777202073,0.32684192746114,0.304718134715027,0.36700081865285
0.149,43,2,39,0.0945520245186419,0.587533015544041,0.554320424870466,0.46505310362694,0.490651077720207
0.149,43,2,40,0.0823690048821502,0.552317176165804,0.530857215025909,0.469574507772022,0.518859823834197
0.149,43,2,41,0.0446372781251025,0.308874129533679,0.358766870466323,0.419114637305701,0.465105829015545
0.149,43,2,42,0.0453691318777586,0.245033238341969,0.255806010362694,0.295976616580311,0.329938015544041
0.149,43,2,43,0.064669026260123,0.200787196891195,0.214344492227979,0.224375424870469,0.255987818652853
0.149,43,2,44,0.0841195692934986,0.228106062176165,0.221164018134715,0.213616248704664,0.239199393782382
0.217,72,1,1,0.349294796528076,0.493552564766807,0.579741455958549,0.33339074611399,0.708450150259067
0.217,72,1,2,0.184521602428054,0.289801590673583,0.321232922279797,0.286412419689119,0.402809766839378
0.217,72,1,3,0.100783921323128,0.336767378238342,0.40682903626943,0.44698107253886,0.453105424870466
0.217,72,1,4,0.132672510748004,0.297927005181338,0.366983740932628,0.317247683937819,0.424497341968914
0.217,72,1,5,0.157869332148879,0.339301917098447,0.384698341968911,0.30284437823834,0.60987646632124
0.217,72,1,6,0.10967278792662,0.462670212435232,0.480321595854924,0.501463124352332,0.521204430051813
0.217,72,1,7,0.110875339378453,0.602555134715024,0.567290207253886,0.478218414507772,0.504900538860104
0.217,72,1,8,0.0729810698122485,0.486003735751295,0.519614098445596,0.570726015544041,0.592820834196891
0.217,72,1,9,0.190535436217042,0.539766341968912,0.452925880829013,0.349584761658031,0.540760129533683
0.217,72,1,10,0.205217795220068,0.358368585492228,0.408891673575127,0.299495398963731,0.534394761658033
0.217,72,1,11,0.147424990436494,0.564198663212422,0.646133896373043,0.475975606217606,0.577562621761659
0.217,72,1,12,0.188011559896735,0.584314518134715,0.591109720207239,0.497731321243512,0.848010155440414
0.217,72,1,13,0.11803427076589,0.326038663212442,0.364120787564775,0.358948098445596,0.478688668393782
0.217,72,1,14,0.192014785293101,0.253429113989623,0.274218979274628,0.293404424870466,0.457230948186529
0.217,72,1,15,0.181382763762283,0.538413658031088,0.513210834196891,0.472902,0.411866766839378
0.217,72,1,16,0.122841637399731,0.405149108808293,0.410573730569948,0.390228243523316,0.495091569948187
0.217,72,1,17,0.0964297187850235,0.380365507772018,0.441794523316059,0.443313694300516,0.43613726943005
0.217,72,1,18,0.147912541207373,0.409530056994815,0.41933261139896,0.348654113989634,0.36897079792746
0.217,72,1,19,0.111748166495231,0.253647611398964,0.312035772020749,0.330091715025907,0.451479569948193
0.217,72,1,20,0.120897685926263,0.252728953367888,0.307972994818668,0.35033368393783,0.410409119170984
0.217,72,1,21,0.0970547804483954,0.28008414507772,0.31272070984456,0.371712357512953,0.417293414507772
0.217,72,1,22,0.0905474580313992,0.336116507772021,0.375609704663212,0.436924730569948,0.489837424870466
0.217,72,1,23,0.109238902220283,0.420679243523336,0.370119000000007,0.348517020725412,0.444250544041454
0.217,72,1,24,0.12786288069153,0.473272450777219,0.430116233160643,0.376219601036298,0.404403025906736
0.217,72,1,25,0.179873505403838,0.6331268911917,0.621861186528495,0.435134751295338,0.637179367875649
0.217,72,1,26,0.215835418122264,0.50865302590673,0.476619932642479,0.389987880829016,0.537380269430052
0.217,72,1,27,0.246377369450454,0.481702585492228,0.440753772020725,0.327834082901554,0.448662181347152
0.217,72,1,28,0.0660001896638412,0.495365699481865,0.54826725388601,0.599146269430052,0.628873730569948
0.217,72,1,29,0.0737653572189908,0.353165787564767,0.339876274611399,0.358299383419689,0.448726761658031
0.217,72,1,30,0.0907846089769799,0.390523544041451,0.417977740932643,0.45799429015544,0.504887751295337
0.217,72,1,31,0.141049296566861,0.392134704663212,0.341888637305699,0.309467538860104,0.328252943005181
0.217,72,1,32,0.153231854566241,0.492269756476684,0.445772062176166,0.423862559585487,0.43590503626943
0.217,72,1,33,0.166186662362012,0.317339704663216,0.305408404145078,0.326615803108809,0.34991029015544
0.217,72,1,34,0.14561897576095,0.368903132124352,0.315244989637305,0.342888160621761,0.397520461139896
0.217,72,1,35,0.0964626175657325,0.300500803108808,0.309221062176166,0.35825085492228,0.42205914507772
0.217,72,1,36,0.0998063473279337,0.496789979274611,0.465115626942998,0.45682632642487,0.526048787564767
0.217,72,1,37,0.166219782146895,0.42154447668394,0.362302870466325,0.348190419689128,0.542901207253886
0.217,72,1,38,0.144585631584537,0.337129492227979,0.378085139896373,0.327114989637308,0.435957264248705
0.217,72,1,39,0.137096722359827,0.610427316062176,0.562272005181347,0.452215393782383,0.490331186528497
0.217,72,1,40,0.119431822331387,0.562265699481867,0.539953461139896,0.494080476683938,0.560743823834199
0.217,72,1,41,0.0647223003121313,0.335662046632123,0.406967492227979,0.485199253886012,0.556167227979276
0.217,72,1,42,0.065783459512547,0.249663056994819,0.297839569948187,0.360982056994819,0.414746943005183
0.217,72,1,43,0.09376754843273,0.210058813471507,0.265772466321245,0.295896725388604,0.372243170984458
0.217,72,1,44,0.121970071980693,0.232039611398963,0.232905181347152,0.288606088082903,0.326430362694299
0.217,72,2,1,0.349294796528076,0.493552564766807,0.579741455958549,0.33339074611399,0.708450150259067
0.217,72,2,2,0.184521602428054,0.289801590673583,0.321232922279797,0.286412419689119,0.402809766839378
0.217,72,2,3,0.100783921323128,0.336767378238342,0.40682903626943,0.44698107253886,0.453105424870466
0.217,72,2,4,0.132672510748004,0.297927005181338,0.366983740932628,0.317247683937819,0.424497341968914
0.217,72,2,5,0.157869332148879,0.339301917098447,0.384698341968911,0.30284437823834,0.60987646632124
0.217,72,2,6,0.10967278792662,0.462670212435232,0.480321595854924,0.501463124352332,0.521204430051813
0.217,72,2,7,0.110875339378453,0.602555134715024,0.567290207253886,0.478218414507772,0.504900538860104
0.217,72,2,8,0.0729810698122485,0.486003735751295,0.519614098445596,0.570726015544041,0.592820834196891
0.217,72,2,9,0.190535436217042,0.539766341968912,0.452925880829013,0.349584761658031,0.540760129533683
0.217,72,2,10,0.205217795220068,0.358368585492228,0.408891673575127,0.299495398963731,0.534394761658033
0.217,72,2,11,0.147424990436494,0.564198663212422,0.646133896373043,0.475975606217606,0.577562621761659
0.217,72,2,12,0.188011559896735,0.584314518134715,0.591109720207239,0.497731321243512,0.848010155440414
0.217,72,2,13,0.11803427076589,0.326038663212442,0.364120787564775,0.358948098445596,0.478688668393782
0.217,72,2,14,0.192014785293101,0.253429113989623,0.274218979274628,0.293404424870466,0.457230948186529
0.217,72,2,15,0.181382763762283,0.538413658031088,0.513210834196891,0.472902,0.411866766839378
0.217,72,2,16,0.122841637399731,0.405149108808293,0.410573730569948,0.390228243523316,0.495091569948187
0.217,72,2,17,0.0964297187850235,0.380365507772018,0.441794523316059,0.443313694300516,0.43613726943005
0.217,72,2,18,0.147912541207373,0.409530056994815,0.41933261139896,0.348654113989634,0.36897079792746
0.217,72,2,19,0.111748166495231,0.253647611398964,0.312035772020749,0.330091715025907,0.451479569948193
0.217,72,2,20,0.120897685926263,0.252728953367888,0.307972994818668,0.35033368393783,0.410409119170984
0.217,72,2,21,0.0970547804483954,0.28008414507772,0.31272070984456,0.371712357512953,0.417293414507772
0.217,72,2,22,0.0905474580313992,0.336116507772021,0.375609704663212,0.436924730569948,0.489837424870466
0.217,72,2,23,0.109238902220283,0.420679243523336,0.370119000000007,0.348517020725412,0.444250544041454
0.217,72,2,24,0.12786288069153,0.473272450777219,0.430116233160643,0.376219601036298,0.404403025906736
0.217,72,2,25,0.179873505403838,0.6331268911917,0.621861186528495,0.435134751295338,0.637179367875649
0.217,72,2,26,0.215835418122264,0.50865302590673,0.476619932642479,0.389987880829016,0.537380269430052
0.217,72,2,27,0.246377369450454,0.481702585492228,0.440753772020725,0.327834082901554,0.448662181347152
0.217,72,2,28,0.0660001896638412,0.495365699481865,0.54826725388601,0.599146269430052,0.628873730569948
0.217,72,2,29,0.0737653572189908,0.353165787564767,0.339876274611399,0.358299383419689,0.448726761658031
0.217,72,2,30,0.0907846089769799,0.390523544041451,0.417977740932643,0.45799429015544,0.504887751295337
0.217,72,2,31,0.141049296566861,0.392134704663212,0.341888637305699,0.309467538860104,0.328252943005181
0.217,72,2,32,0.153231854566241,0.492269756476684,0.445772062176166,0.423862559585487,0.43590503626943
0.217,72,2,33,0.166186662362012,0.317339704663216,0.305408404145078,0.326615803108809,0.34991029015544
0.217,72,2,34,0.14561897576095,0.368903132124352,0.315244989637305,0.342888160621761,0.397520461139896
0.217,72,2,35,0.0964626175657325,0.300500803108808,0.309221062176166,0.35825085492228,0.42205914507772
0.217,72,2,36,0.0998063473279337,0.496789979274611,0.465115626942998,0.45682632642487,0.526048787564767
0.217,72,2,37,0.166219782146895,0.42154447668394,0.362302870466325,0.348190419689128,0.542901207253886
0.217,72,2,38,0.144585631584537,0.337129492227979,0.378085139896373,0.327114989637308,0.435957264248705
0.217,72,2,39,0.137096722359827,0.610427316062176,0.562272005181347,0.452215393782383,0.490331186528497
0.217,72,2,40,0.119431822331387,0.562265699481867,0.539953461139896,0.494080476683938,0.560743823834199
0.217,72,2,41,0.0647223003121313,0.335662046632123,0.406967492227979,0.485199253886012,0.556167227979276
0.217,72,2,42,0.065783459512547,0.249663056994819,0.297839569948187,0.360982056994819,0.414746943005183
0.217,72,2,43,0.09376754843273,0.210058813471507,0.265772466321245,0.295896725388604,0.372243170984458
0.217,72,2,44,0.121970071980693,0.232039611398963,0.232905181347152,0.288606088082903,0.326430362694299
0.286,108,1,1,0.461767937322353,0.59919919689118,0.677462487046618,0.426216725388603,0.81100612435234
0.286,108,1,2,0.24393767268093,0.329470487046636,0.372065585492228,0.334646435233158,0.447710409326425
0.286,108,1,3,0.133236406402917,0.312499362694301,0.376805450777202,0.440274984455959,0.483369362694301
0.286,108,1,4,0.175393141370657,0.315850461139913,0.407023590673571,0.371255196891192,0.551500595854922
0.286,108,1,5,0.20870335486657,0.378094212435233,0.431398082901549,0.311081989637311,0.668761865284966
0.286,108,1,6,0.144987493557456,0.480477554404143,0.515883772020725,0.556725414507771,0.613769455958549
0.286,108,1,7,0.146577267321498,0.612930264248702,0.564237253886011,0.482281756476685,0.525310253886012
0.286,108,1,8,0.096481019487709,0.487053424870466,0.527229901554404,0.615371611398964,0.643654891191704
0.286,108,1,9,0.251887964674236,0.57983235751295,0.511824445595855,0.3501586165803,0.610023896373057
0.286,108,1,10,0.271298052368767,0.394700450777202,0.44417857512953,0.343422455958549,0.615607196891195
0.286,108,1,11,0.194895928654796,0.587981072538848,0.738135968911897,0.535166046632108,0.584416119170981
0.286,108,1,12,0.248551398615797,0.654381616580311,0.70001127461138,0.578349533678757,0.972175958549223
0.286,108,1,13,0.156041379049092,0.35980835233161,0.412560300518135,0.37370021243523,0.503486870466321
0.286,108,1,14,0.25384366506892,0.297042813471515,0.325389186528518,0.379555025906736,0.542827481865285
0.286,108,1,15,0.239788126020952,0.550455626943005,0.51713578238342,0.463852,0.430162834196891
0.286,108,1,16,0.162396720716149,0.419338186528497,0.432980984455959,0.381896119170984,0.543088979274611
0.286,108,1,17,0.127480147951061,0.392048823834195,0.463636803108806,0.47869794300518,0.49480916062176
0.286,108,1,18,0.19554047107583,0.416341870466316,0.453381834196886,0.378078207253882,0.427380124352329
0.286,108,1,19,0.147731145310405,0.237356497409347,0.321114544041451,0.349806227979274,0.497502886010369
0.286,108,1,20,0.15982681566437,0.233119891191732,0.337515637305715,0.375400170984463,0.428192440414509
0.286,108,1,21,0.128306479857129,0.300258792746114,0.348089880829016,0.388438440414508,0.487974761658031
0.286,108,1,22,0.119703795591987,0.337013994818653,0.360299393782383,0.407127284974096,0.446886015544044
0.286,108,1,23,0.14441389638498,0.409868103626969,0.37685361658032,0.408097590673604,0.440461321243527
0.286,108,1,24,0.169034807457478,0.471947606217639,0.414892658031117,0.376873481865295,0.486742404145078
0.286,108,1,25,0.237792885536431,0.651077507772018,0.635593051813468,0.435732611398964,0.705308383419687
0.286,108,1,26,0.285334556420781,0.587733336787554,0.522612160621751,0.418791989637306,0.644680787564767
0.286,108,1,27,0.325711034990752,0.515723461139896,0.463236963730557,0.331816772020724,0.508138559585487
0.286,108,1,28,0.0872522916083761,0.502287461139896,0.569291088082902,0.645887202072539,0.68550378238342
0.286,108,1,29,0.0975178479251181,0.352377880829016,0.334808062176166,0.365826606217617,0.46512285492228
0.286,108,1,30,0.120017309288908,0.381317585492228,0.446343564766839,0.490117373056995,0.566581264248705
0.286,108,1,31,0.186467257410785,0.398849471502591,0.362039119170984,0.329936191709845,0.378796984455959
0.286,108,1,32,0.202572606630412,0.485656259067357,0.447547461139896,0.468556341968906,0.475655554404145
0.286,108,1,33,0.219698870559111,0.341068098445599,0.341412031088083,0.374793735751296,0.450801481865285
0.286,108,1,34,0.192508376135294,0.37574807253886,0.356148098445595,0.395246404145077,0.42738674611399
0.286,108,1,35,0.127523640159532,0.305909948186529,0.327304834196888,0.395871699481865,0.47032489119171
0.286,108,1,36,0.131944052975876,0.513915886010363,0.497066461139896,0.461081248704663,0.552594383419689
0.286,108,1,37,0.219742654935236,0.457042388601041,0.407538373056995,0.329635113989637,0.60568407253886
0.286,108,1,38,0.191142294494143,0.378125347150259,0.422319336787565,0.354900901554404,0.548261031088083
0.286,108,1,39,0.181241951861324,0.634182497409326,0.570523948186529,0.44953196373057,0.539969984455965
0.286,108,1,40,0.157888943084159,0.572589274611401,0.54993118134715,0.454521544041451,0.579527502590674
0.286,108,1,41,0.0855629210940408,0.335634746113991,0.407307797927461,0.515821564766841,0.576316113989637
0.286,108,1,42,0.0869657742141479,0.254467512953368,0.334948476683936,0.404413533678756,0.477252523316062
0.286,108,1,43,0.123960757096693,0.227780673575136,0.296729575129535,0.339579310880832,0.402212689119173
0.286,108,1,44,0.161244510692436,0.236516056994817,0.285032502590676,0.345917880829017,0.406228290155438
0.286,108,2,1,0.461767937322353,0.59919919689118,0.677462487046618,0.426216725388603,0.81100612435234
0.286,108,2,2,0.24393767268093,0.329470487046636,0.372065585492228,0.334646435233158,0.447710409326425
0.286,108,2,3,0.133236406402917,0.312499362694301,0.376805450777202,0.440274984455959,0.483369362694301
0.286,108,2,4,0.175393141370657,0.315850461139913,0.407023590673571,0.371255196891192,0.551500595854922
0.286,108,2,5,0.20870335486657,0.378094212435233,0.431398082901549,0.311081989637311,0.668761865284966
0.286,108,2,6,0.144987493557456,0.480477554404143,0.515883772020725,0.556725414507771,0.613769455958549
0.286,108,2,7,0.146577267321498,0.612930264248702,0.564237253886011,0.482281756476685,0.525310253886012
0.286,108,2,8,0.096481019487709,0.487053424870466,0.527229901554404,0.615371611398964,0.643654891191704
0.286,108,2,9,0.251887964674236,0.57983235751295,0.511824445595855,0.3501586165803,0.610023896373057
0.286,108,2,10,0.271298052368767,0.394700450777202,0.44417857512953,0.343422455958549,0.615607196891195
0.286,108,2,11,0.194895928654796,0.587981072538848,0.738135968911897,0.535166046632108,0.584416119170981
0.286,108,2,12,0.248551398615797,0.654381616580311,0.70001127461138,0.578349533678757,0.972175958549223
0.286,108,2,13,0.156041379049092,0.35980835233161,0.412560300518135,0.37370021243523,0.503486870466321
0.286,108,2,14,0.25384366506892,0.297042813471515,0.325389186528518,0.379555025906736,0.542827481865285
0.286,108,2,15,0.239788126020952,0.550455626943005,0.51713578238342,0.463852,0.430162834196891
0.286,108,2,16,0.162396720716149,0.419338186528497,0.432980984455959,0.381896119170984,0.543088979274611
0.286,108,2,17,0.127480147951061,0.392048823834195,0.463636803108806,0.47869794300518,0.49480916062176
0.286,108,2,18,0.19554047107583,0.416341870466316,0.453381834196886,0.378078207253882,0.427380124352329
0.286,108,2,19,0.147731145310405,0.237356497409347,0.321114544041451,0.349806227979274,0.497502886010369
0.286,108,2,20,0.15982681566437,0.233119891191732,0.337515637305715,0.375400170984463,0.428192440414509
0.286,108,2,21,0.128306479857129,0.300258792746114,0.348089880829016,0.388438440414508,0.487974761658031
0.286,108,2,22,0.119703795591987,0.337013994818653,0.360299393782383,0.407127284974096,0.446886015544044
0.286,108,2,23,0.14441389638498,0.409868103626969,0.37685361658032,0.408097590673604,0.440461321243527
0.286,108,2,24,0.169034807457478,0.471947606217639,0.414892658031117,0.376873481865295,0.486742404145078
0.286,108,2,25,0.237792885536431,0.651077507772018,0.635593051813468,0.435732611398964,0.705308383419687
0.286,108,2,26,0.285334556420781,0.587733336787554,0.522612160621751,0.418791989637306,0.644680787564767
0.286,108,2,27,0.325711034990752,0.515723461139896,0.463236963730557,0.331816772020724,0.508138559585487
0.286,108,2,28,0.0872522916083761,0.502287461139896,0.569291088082902,0.645887202072539,0.68550378238342
0.286,108,2,29,0.0975178479251181,0.352377880829016,0.334808062176166,0.365826606217617,0.46512285492228
0.286,108,2,30,0.120017309288908,0.381317585492228,0.446343564766839,0.490117373056995,0.566581264248705
0.286,108,2,31,0.186467257410785,0.398849471502591,0.362039119170984,0.329936191709845,0.378796984455959
0.286,108,2,32,0.202572606630412,0.485656259067357,0.447547461139896,0.468556341968906,0.475655554404145
0.286,108,2,33,0.219698870559111,0.341068098445599,0.341412031088083,0.374793735751296,0.450801481865285
0.286,108,2,34,0.192508376135294,0.37574807253886,0.356148098445595,0.395246404145077,0.42738674611399
0.286,108,2,35,0.127523640159532,0.305909948186529,0.327304834196888,0.395871699481865,0.47032489119171
0.286,108,2,36,0.131944052975876,0.513915886010363,0.497066461139896,0.461081248704663,0.552594383419689
0.286,108,2,37,0.219742654935236,0.457042388601041,0.407538373056995,0.329635113989637,0.60568407253886
0.286,108,2,38,0.191142294494143,0.378125347150259,0.422319336787565,0.354900901554404,0.548261031088083
0.286,108,2,39,0.181241951861324,0.634182497409326,0.570523948186529,0.44953196373057,0.539969984455965
0.286,108,2,40,0.157888943084159,0.572589274611401,0.54993118134715,0.454521544041451,0.579527502590674
0.286,108,2,41,0.0855629210940408,0.335634746113991,0.407307797927461,0.515821564766841,0.576316113989637
0.286,108,2,42,0.0869657742141479,0.254467512953368,0.334948476683936,0.404413533678756,0.477252523316062
0.286,108,2,43,0.123960757096693,0.227780673575136,0.296729575129535,0.339579310880832,0.402212689119173
0.286,108,2,44,0.161244510692436,0.236516056994817,0.285032502590676,0.345917880829017,0.406228290155438
0.45,224,1,1,0.72575896425872,0.755162766839378,0.965996652849739,0.657729497409323,0.843189025906736
0.45,224,1,2,0.383395940599932,0.426694450777201,0.428998854922266,0.409380409326424,0.577068564766839
0.45,224,1,3,0.209407168616456,0.322580424870466,0.406891735751298,0.402594326424866,0.472419766839372
0.45,224,1,4,0.275664753506673,0.372161626943006,0.43410739896372,0.550711031088085,0.602485072538858
0.45,224,1,5,0.328018293222347,0.419593673575119,0.563273533678744,0.440240383419703,0.76441297927461
0.45,224,1,6,0.227876308963545,0.442180388601025,0.534705259067341,0.53881883937821,0.565646658031071
0.45,224,1,7,0.230374950525986,0.637283891191706,0.557073678756477,0.481083383419688,0.565836715025907
0.45,224,1,8,0.151638862542212,0.489519176165803,0.472586404145078,0.543159606217612,0.574317761658031
0.45,224,1,9,0.39589138520805,0.598795316062174,0.608313160621762,0.420864834196883,0.733386590673575
0.45,224,1,10,0.426398148460259,0.524156823834198,0.554186129533676,0.473373031088085,0.803337424870466
0.45,224,1,11,0.306317212362026,0.623991036269417,0.754793212435225,0.596878196891184,0.628691383419692
0.45,224,1,12,0.390647316638035,0.743033875647665,0.746565678756474,0.777795129533679,1.01194020725389
0.45,224,1,13,0.245249660028073,0.382825528497404,0.366884150259067,0.391324424870466,0.539421829015543
0.45,224,1,14,0.39896515230647,0.416718720207256,0.417167419689119,0.464628305699482,0.623752352331606
0.45,224,1,15,0.376874113416452,0.578465730569948,0.550689455958534,0.445330129533666,0.556436844559589
0.45,224,1,16,0.255238327090017,0.448647202072541,0.427693010362696,0.437834709844557,0.522135538860102
0.45,224,1,17,0.200360078434644,0.373205746113988,0.442998279792743,0.491840088082896,0.501712704663211
0.45,224,1,18,0.307330237308329,0.407845497409315,0.375132222797925,0.391129569948185,0.564489963730569
0.45,224,1,19,0.232188496306073,0.287824383419722,0.338030487046702,0.398504300518136,0.495486922279812
0.45,224,1,20,0.251199216797002,0.254347987046659,0.306455875647673,0.393193632124352,0.476728704663207
0.45,224,1,21,0.201658821244201,0.313177901554404,0.39997260103627,0.393154720207254,0.449046259067357
0.45,224,1,22,0.188138014108224,0.356336129533679,0.356851844559586,0.363477497409326,0.504303264248706
0.45,224,1,23,0.226974788402779,0.40814299481866,0.398790792746129,0.405412538860123,0.466479196891198
0.45,224,1,24,0.265671383542533,0.481673046632158,0.3770879948187,0.411864673575148,0.590698362694322
0.45,224,1,25,0.373738201304645,0.673177238341967,0.64255184974093,0.443188538860104,0.738805756476683
0.45,224,1,26,0.448459270117329,0.573484720207248,0.676300632124345,0.493242797927461,0.768465088082895
0.45,224,1,27,0.511918832592106,0.58075902590673,0.444797093264237,0.417300678756479,0.646858839378239
0.45,224,1,28,0.137134104966429,0.525887518134712,0.584135818652842,0.607374160621758,0.702869067357513
0.45,224,1,29,0.153268441973845,0.350528113989637,0.322909668393782,0.422781658031087,0.521295440414507
0.45,224,1,30,0.188630762429551,0.401502554404145,0.48889829015544,0.480590715025907,0.594655512953367
0.45,224,1,31,0.293069900849663,0.464997606217617,0.421106227979275,0.39572094818654,0.504057466321243
0.45,224,1,32,0.318382618827529,0.470132165803109,0.463388409326425,0.477508202072529,0.525086020725388
0.45,224,1,33,0.345299904688884,0.396580792746119,0.431585056994819,0.402731181347153,0.62330407253886
0.45,224,1,34,0.302564704871544,0.448524419689117,0.453007176165806,0.431786699481868,0.582659523316062
0.45,224,1,35,0.200428434978315,0.324837564766839,0.35134291709844,0.421169098445595,0.521104056994812
0.45,224,1,36,0.207375981500901,0.540331170984447,0.564334808290155,0.504487704663212,0.61490992746114
0.45,224,1,37,0.345368720431379,0.578281564766848,0.557390373057003,0.368524015544041,0.625465761658029
0.45,224,1,38,0.300417639393754,0.454358818652851,0.423857590673575,0.394177989637309,0.55485332642487
0.45,224,1,39,0.284857307386586,0.687750632124352,0.590833792746114,0.475134720207254,0.633874367875648
0.45,224,1,40,0.248153469608848,0.607008383419689,0.583207984455959,0.483180373056997,0.556406176165806
0.45,224,1,41,0.134478927558827,0.292388663212435,0.400292699481867,0.466264569948193,0.519731585492225
0.45,224,1,42,0.136683786634491,0.278601455958555,0.347543725388609,0.424243813471503,0.499711922279794
0.45,224,1,43,0.194828664807057,0.261379020725386,0.354549336787586,0.397530792746118,0.48506080310881
0.45,224,1,44,0.253427402844674,0.29200610362695,0.37647520207254,0.390783533678757,0.492273440414508
0.45,224,2,1,0.72575896425872,0.755162766839378,0.965996652849739,0.657729497409323,0.843189025906736
0.45,224,2,2,0.383395940599932,0.426694450777201,0.428998854922266,0.409380409326424,0.577068564766839
0.45,224,2,3,0.209407168616456,0.322580424870466,0.406891735751298,0.402594326424866,0.472419766839372
0.45,224,2,4,0.275664753506673,0.372161626943006,0.43410739896372,0.550711031088085,0.602485072538858
0.45,224,2,5,0.328018293222347,0.419593673575119,0.563273533678744,0.440240383419703,0.76441297927461
0.45,224,2,6,0.227876308963545,0.442180388601025,0.534705259067341,0.53881883937821,0.565646658031071
0.45,224,2,7,0.230374950525986,0.637283891191706,0.557073678756477,0.481083383419688,0.565836715025907
0.45,224,2,8,0.151638862542212,0.489519176165803,0.472586404145078,0.543159606217612,0.574317761658031
0.45,224,2,9,0.39589138520805,0.598795316062174,0.608313160621762,0.420864834196883,0.733386590673575
0.45,224,2,10,0.426398148460259,0.524156823834198,0.554186129533676,0.473373031088085,0.803337424870466
0.45,224,2,11,0.306317212362026,0.623991036269417,0.754793212435225,0.596878196891184,0.628691383419692
0.45,224,2,12,0.390647316638035,0.743033875647665,0.746565678756474,0.777795129533679,1.01194020725389
0.45,224,2,13,0.245249660028073,0.382825528497404,0.366884150259067,0.391324424870466,0.539421829015543
0.45,224,2,14,0.39896515230647,0.416718720207256,0.417167419689119,0.464628305699482,0.623752352331606
0.45,224,2,15,0.376874113416452,0.578465730569948,0.550689455958534,0.445330129533666,0.556436844559589
0.45,224,2,16,0.255238327090017,0.448647202072541,0.427693010362696,0.437834709844557,0.522135538860102
0.45,224,2,17,0.200360078434644,0.373205746113988,0.442998279792743,0.491840088082896,0.501712704663211
0.45,224,2,18,0.307330237308329,0.407845497409315,0.375132222797925,0.391129569948185,0.564489963730569
0.45,224,2,19,0.232188496306073,0.287824383419722,0.338030487046702,0.398504300518136,0.495486922279812
0.45,224,2,20,0.251199216797002,0.254347987046659,0.306455875647673,0.393193632124352,0.476728704663207
0.45,224,2,21,0.201658821244201,0.313177901554404,0.39997260103627,0.393154720207254,0.449046259067357
0.45,224,2,22,0.188138014108224,0.356336129533679,0.356851844559586,0.363477497409326,0.504303264248706
0.45,224,2,23,0.226974788402779,0.40814299481866,0.398790792746129,0.405412538860123,0.466479196891198
0.45,224,2,24,0.265671383542533,0.481673046632158,0.3770879948187,0.411864673575148,0.590698362694322
0.45,224,2,25,0.373738201304645,0.673177238341967,0.64255184974093,0.443188538860104,0.738805756476683
0.45,224,2,26,0.448459270117329,0.573484720207248,0.676300632124345,0.493242797927461,0.768465088082895
0.45,224,2,27,0.511918832592106,0.58075902590673,0.444797093264237,0.417300678756479,0.646858839378239
0.45,224,2,28,0.137134104966429,0.525887518134712,0.584135818652842,0.607374160621758,0.702869067357513
0.45,224,2,29,0.153268441973845,0.350528113989637,0.322909668393782,0.422781658031087,0.521295440414507
0.45,224,2,30,0.188630762429551,0.401502554404145,0.48889829015544,0.480590715025907,0.594655512953367
0.45,224,2,31,0.293069900849663,0.464997606217617,0.421106227979275,0.39572094818654,0.504057466321243
0.45,224,2,32,0.318382618827529,0.470132165803109,0.463388409326425,0.477508202072529,0.525086020725388
0.45,224,2,33,0.345299904688884,0.396580792746119,0.431585056994819,0.402731181347153,0.62330407253886
0.45,224,2,34,0.302564704871544,0.448524419689117,0.453007176165806,0.431786699481868,0.582659523316062
0.45,224,2,35,0.200428434978315,0.324837564766839,0.35134291709844,0.421169098445595,0.521104056994812
0.45,224,2,36,0.207375981500901,0.540331170984447,0.564334808290155,0.504487704663212,0.61490992746114
0.45,224,2,37,0.345368720431379,0.578281564766848,0.557390373057003,0.368524015544041,0.625465761658029
0.45,224,2,38,0.300417639393754,0.454358818652851,0.423857590673575,0.394177989637309,0.55485332642487
0.45,224,2,39,0.284857307386586,0.687750632124352,0.590833792746114,0.475134720207254,0.633874367875648
0.45,224,2,40,0.248153469608848,0.607008383419689,0.583207984455959,0.483180373056997,0.556406176165806
0.45,224,2,41,0.134478927558827,0.292388663212435,0.400292699481867,0.466264569948193,0.519731585492225
0.45,224,2,42,0.136683786634491,0.278601455958555,0.347543725388609,0.424243813471503,0.499711922279794
0.45,224,2,43,0.194828664807057,0.261379020725386,0.354549336787586,0.397530792746118,0.48506080310881
0.45,224,2,44,0.253427402844674,0.29200610362695,0.37647520207254,0.390783533678757,0.492273440414508
0.683,475,1,1,1.10119905039182,0.83807312953368,1.39189818134716,1.11045952331607,0.915898165803113
0.683,475,1,2,0.581729288240964,0.434094803108811,0.52504394300518,0.539166974093261,0.679934326424873
0.683,475,1,3,0.317734932094448,0.365696331606215,0.392428676165804,0.414272953367871,0.559580316062171
0.683,475,1,4,0.418268019738616,0.503799398963725,0.589928227979285,0.73665921761658,0.862956051813475
0.683,475,1,5,0.497704404349359,0.495788704663215,0.734764336787561,0.657551388601036,0.889631165803104
0.683,475,1,6,0.345758285319633,0.400036937823834,0.411637792746114,0.436440393782386,0.627617735751287
0.683,475,1,7,0.349549491286536,0.671923010362689,0.549971404145076,0.48764566321243,0.562550290155432
0.683,475,1,8,0.230082685378244,0.48960114507772,0.415551663212435,0.468145277202078,0.553136544041451
0.683,475,1,9,0.600688711981236,0.612608341968912,0.725960917098446,0.672278264248695,1.03252507253886
0.683,475,1,10,0.646976832939099,0.77761095854922,0.790307922279793,0.663861621761656,0.732657129533685
0.683,475,1,11,0.46477720563364,0.731820673575121,0.791173523316054,0.675063678756474,0.831528243523314
0.683,475,1,12,0.592731850800212,1.01963527979273,1.02521645595853,0.752726334196887,1.0720898031088
0.683,475,1,13,0.3721189899565,0.269047274611398,0.399156668393785,0.40260394818653,0.510300051813471
0.683,475,1,14,0.605352559865448,0.428082963730565,0.600438279792745,0.703781668393781,0.770735953367876
0.683,475,1,15,0.571833675158728,0.519059455958539,0.580945461139896,0.550872922279793,0.664893103626941
0.683,475,1,16,0.387274862945995,0.61633840414508,0.519959958549229,0.453730564766831,0.864085632124354
0.683,475,1,17,0.304007720158187,0.453173326424866,0.413546077720201,0.468815347150249,0.510829129533676
0.683,475,1,18,0.466314275327338,0.418694,0.46050541968911,0.615966357512949,0.71969307253886
0.683,475,1,19,0.352301196727629,0.355289357512943,0.437554440414489,0.50800011917098,0.612451901554331
0.683,475,1,20,0.381146293216735,0.304052373056995,0.428892466321249,0.447142455958566,0.538409113989644
0.683,475,1,21,0.305978311523942,0.380502321243526,0.415639512953368,0.475014466321243,0.598419533678755
0.683,475,1,22,0.28546309819292,0.363692683937823,0.412211647668394,0.405710098445596,0.553078937823834
0.683,475,1,23,0.344390401994297,0.439442497409334,0.422834834196908,0.399421202072545,0.531132393782403
0.683,475,1,24,0.403105011003387,0.395199248704736,0.37666148704665,0.447367072538869,0.570369948186524
0.683,475,1,25,0.567075534219799,0.829158948186521,0.625953378238343,0.572893481865282,0.81935695854923
0.683,475,1,26,0.680450324023232,0.686633233160622,0.928351409326416,0.755733481865272,1.14997263212435
0.683,475,1,27,0.776737953080465,0.614325948186518,0.694358326424864,0.591740217616578,0.964684181347147
0.683,475,1,28,0.208074517301491,0.480340393782383,0.436189067357505,0.480852658031081,0.554972554404139
0.683,475,1,29,0.232555257418033,0.347896352331606,0.410265668393781,0.418520647668394,0.502822870466321
0.683,475,1,30,0.286210748597875,0.413032725388601,0.482537129533679,0.516685834196891,0.619263321243523
0.683,475,1,31,0.444676969086705,0.438835300518134,0.445527264248704,0.458670772020725,0.568078336787565
0.683,475,1,32,0.483084129552897,0.4612075388601,0.499134316062165,0.4425193419689,0.542697113989637
0.683,475,1,33,0.523925911865465,0.47986185492228,0.547480756476681,0.523111839378242,0.691905134715025
0.683,475,1,34,0.459083500300867,0.467175849740945,0.471354575129531,0.543555134715026,0.623388020725382
0.683,475,1,35,0.304111438010373,0.379974393782384,0.426720461139882,0.402871709844563,0.621634041450782
0.683,475,1,36,0.314652997963463,0.476497341968924,0.465601129533686,0.519659678756481,0.629997181347151
0.683,475,1,37,0.524030326463175,0.603211108808289,0.562449512953366,0.514261098445598,0.834016569948188
0.683,475,1,38,0.455825743136702,0.498105310880829,0.57667378238342,0.515527305699482,0.656308398963731
0.683,475,1,39,0.432215944740927,0.642195113989637,0.562786082901558,0.446115829015538,0.663442559585492
0.683,475,1,40,0.376524960134401,0.635224186528497,0.620216880829016,0.449454305699482,0.631347844559585
0.683,475,1,41,0.204045798423924,0.300579813471504,0.379511533678756,0.405805849740939,0.512055994818654
0.683,475,1,42,0.207391246210228,0.29273283419689,0.364954077720208,0.447547093264253,0.479138502590676
0.683,475,1,43,0.295614868352016,0.250736580310884,0.383422279792711,0.487049139896372,0.532860984455958
0.683,475,1,44,0.384527135177535,0.298021569948183,0.36636191709845,0.622698601036275,0.720848943005184
0.683,475,2,1,1.10119905039182,0.83807312953368,1.39189818134716,1.11045952331607,0.915898165803113
0.683,475,2,2,0.581729288240964,0.434094803108811,0.52504394300518,0.539166974093261,0.679934326424873
0.683,475,2,3,0.317734932094448,0.365696331606215,0.392428676165804,0.414272953367871,0.559580316062171
0.683,475,2,4,0.418268019738616,0.503799398963725,0.589928227979285,0.73665921761658,0.862956051813475
0.683,475,2,5,0.497704404349359,0.495788704663215,0.734764336787561,0.657551388601036,0.889631165803104
0.683,475,2,6,0.345758285319633,0.400036937823834,0.411637792746114,0.436440393782386,0.627617735751287
0.683,475,2,7,0.349549491286536,0.671923010362689,0.549971404145076,0.48764566321243,0.562550290155432
0.683,475,2,8,0.230082685378244,0.48960114507772,0.415551663212435,0.468145277202078,0.553136544041451
0.683,475,2,9,0.600688711981236,0.612608341968912,0.725960917098446,0.672278264248695,1.03252507253886
0.683,475,2,10,0.646976832939099,0.77761095854922,0.790307922279793,0.663861621761656,0.732657129533685
0.683,475,2,11,0.46477720563364,0.731820673575121,0.791173523316054,0.675063678756474,0.831528243523314
0.683,475,2,12,0.592731850800212,1.01963527979273,1.02521645595853,0.752726334196887,1.0720898031088
0.683,475,2,13,0.3721189899565,0.269047274611398,0.399156668393785,0.40260394818653,0.510300051813471
0.683,475,2,14,0.605352559865448,0.428082963730565,0.600438279792745,0.703781668393781,0.770735953367876
0.683,475,2,15,0.571833675158728,0.519059455958539,0.580945461139896,0.550872922279793,0.664893103626941
0.683,475,2,16,0.387274862945995,0.61633840414508,0.519959958549229,0.453730564766831,0.864085632124354
0.683,475,2,17,0.304007720158187,0.453173326424866,0.413546077720201,0.468815347150249,0.510829129533676
0.683,475,2,18,0.466314275327338,0.418694,0.46050541968911,0.615966357512949,0.71969307253886
0.683,475,2,19,0.352301196727629,0.355289357512943,0.437554440414489,0.50800011917098,0.612451901554331
0.683,475,2,20,0.381146293216735,0.304052373056995,0.428892466321249,0.447142455958566,0.538409113989644
0.683,475,2,21,0.305978311523942,0.380502321243526,0.415639512953368,0.475014466321243,0.598419533678755
0.683,475,2,22,0.28546309819292,0.363692683937823,0.412211647668394,0.405710098445596,0.553078937823834
0.683,475,2,23,0.344390401994297,0.439442497409334,0.422834834196908,0.399421202072545,0.531132393782403
0.683,475,2,24,0.403105011003387,0.395199248704736,0.37666148704665,0.447367072538869,0.570369948186524
0.683,475,2,25,0.567075534219799,0.829158948186521,0.625953378238343,0.572893481865282,0.81935695854923
0.683,475,2,26,0.680450324023232,0.686633233160622,0.928351409326416,0.755733481865272,1.14997263212435
0.683,475,2,27,0.776737953080465,0.614325948186518,0.694358326424864,0.591740217616578,0.964684181347147
0.683,475,2,28,0.208074517301491,0.480340393782383,0.436189067357505,0.480852658031081,0.554972554404139
0.683,475,2,29,0.232555257418033,0.347896352331606,0.410265668393781,0.418520647668394,0.502822870466321
0.683,475,2,30,0.286210748597875,0.413032725388601,0.482537129533679,0.516685834196891,0.619263321243523
0.683,475,2,31,0.444676969086705,0.438835300518134,0.445527264248704,0.458670772020725,0.568078336787565
0.683,475,2,32,0.483084129552897,0.4612075388601,0.499134316062165,0.4425193419689,0.542697113989637
0.683,475,2,33,0.523925911865465,0.47986185492228,0.547480756476681,0.523111839378242,0.691905134715025
0.683,475,2,34,0.459083500300867,0.467175849740945,0.471354575129531,0.543555134715026,0.623388020725382
0.683,475,2,35,0.304111438010373,0.379974393782384,0.426720461139882,0.402871709844563,0.621634041450782
0.683,475,2,36,0.314652997963463,0.476497341968924,0.465601129533686,0.519659678756481,0.629997181347151
0.683,475,2,37,0.524030326463175,0.603211108808289,0.562449512953366,0.514261098445598,0.834016569948188
0.683,475,2,38,0.455825743136702,0.498105310880829,0.57667378238342,0.515527305699482,0.656308398963731
0.683,475,2,39,0.432215944740927,0.642195113989637,0.562786082901558,0.446115829015538,0.663442559585492
0.683,475,2,40,0.376524960134401,0.635224186528497,0.620216880829016,0.449454305699482,0.631347844559585
0.683,475,2,41,0.204045798423924,0.300579813471504,0.379511533678756,0.405805849740939,0.512055994818654
0.683,475,2,42,0.207391246210228,0.29273283419689,0.364954077720208,0.447547093264253,0.479138502590676
0.683,475,2,43,0.295614868352016,0.250736580310884,0.383422279792711,0.487049139896372,0.532860984455958
0.683,475,2,44,0.384527135177535,0.298021569948183,0.36636191709845,0.622698601036275,0.720848943005184
0.971,975,1,1,1.56583579995645,0.919845782383442,1.96517134715026,1.89554979792746,1.22730566321245
0.971,975,1,2,0.827182465410574,0.526595544041462,0.707997455958551,0.732273994818692,0.908087958549221
0.971,975,1,3,0.451799092446724,0.483027937823823,0.513014471502594,0.521243704663208,0.709495590673559
0.971,975,1,4,0.594750820980623,0.695842341968917,0.697206849740857,0.912680072538861,1.02104035233163
0.971,975,1,5,0.707704364482459,0.619421025906735,0.81076593264248,0.881263823834195,1.20321100518135
0.971,975,1,6,0.491646538464053,0.461980906735751,0.406611601036269,0.596928378238341,0.670645813471508
0.971,975,1,7,0.497037394936252,0.72444205699481,0.567472875647668,0.434837082901554,0.716697958549211
0.971,975,1,8,0.327163109691371,0.49018181865285,0.444452227979273,0.420654160621755,0.610049766839377
0.971,975,1,9,0.854141573692133,0.858709875647657,0.949076471502575,0.883650554404145,1.162761626943
0.971,975,1,10,0.919960370832166,0.675632854922279,0.841774616580311,0.94796256994819,0.860081041450778
0.971,975,1,11,0.660883958559471,0.66524482383418,0.815962673575091,0.776930870466289,0.979705031088064
0.971,975,1,12,0.842827417465701,1.21504111917099,1.11558665284971,0.977049274611377,1.12038943005178
0.971,975,1,13,0.529129802745653,0.443939404145072,0.607838580310879,0.700541756476687,0.776954373056994
0.971,975,1,14,0.860773272094026,0.689374880829011,0.74949858031088,0.840562445595855,0.956106497409329
0.971,975,1,15,0.813111525900438,0.544252720207242,0.722129398963719,0.715031989637294,1.04044092227979
0.971,975,1,16,0.550680501048653,0.737050632124371,0.649276813471509,0.607712590673556,0.981070518134757
0.971,975,1,17,0.432279860319037,0.391064787564755,0.572401259067344,0.539433279792745,0.619912906735751
0.971,975,1,18,0.663069575004167,0.599544202072508,0.591405678756468,0.708390740932641,0.94900365803108
0.971,975,1,19,0.500950147030495,0.395847844559603,0.48215325388603,0.693796637305711,0.667979968911917
0.971,975,1,20,0.541966060293196,0.341057554404144,0.431891310881052,0.669590725388663,0.684717849740931
0.971,975,1,21,0.435081917319075,0.438982906735754,0.535176310880827,0.501583217616581,0.753096834196892
0.971,975,1,22,0.405910574076426,0.389401787564767,0.518537264248705,0.575747968911917,0.735422658031085
0.971,975,1,23,0.489701494395758,0.39434503626938,0.41349715025907,0.558505155440432,0.667047051813477
0.971,975,1,24,0.573189976095926,0.40945318911928,0.506856393782391,0.541521585492314,0.637724088082882
0.971,975,1,25,0.806345748704424,0.900441487046628,0.813901414507772,0.795638269430051,1.08236713989638
0.971,975,1,26,0.967557570149046,0.939771056994816,1.2653808911917,1.165648626943,1.41134931606218
0.971,975,1,27,1.10447252355106,0.819078310880831,0.694028865284973,0.979374103626948,1.353634626943
0.971,975,1,28,0.295868878685834,0.486275367875647,0.443679575129529,0.458798424870462,0.548967124352332
0.971,975,1,29,0.330678951642465,0.483828393782385,0.540492554404141,0.430739336787566,0.611992818652854
0.971,975,1,30,0.406973685935734,0.466147958549224,0.538790181347151,0.510707860103626,0.653331839378238
0.971,975,1,31,0.632302686207678,0.656831616580308,0.444301792746118,0.565050715025902,0.666983031088088
0.971,975,1,32,0.68691525312847,0.354646455958549,0.451791788860102,0.51786783937824,0.650987450777204
0.971,975,1,33,0.744989699211848,0.696407606217617,0.675822974093263,0.624101476683938,0.892804373056995
0.971,975,1,34,0.652787867629056,0.562965129533678,0.63001875129534,0.609433181347153,0.823079777202065
0.971,975,1,35,0.432427340582474,0.427893922279785,0.530878751295328,0.589869518134713,0.767523290155436
0.971,975,1,36,0.447416775922126,0.501645393782378,0.495738818652843,0.435947233160617,0.667583668393778
0.971,975,1,37,0.745138170203604,0.81923680310878,0.978472082901556,0.750087766839379,1.09730065803109
0.971,975,1,38,0.648155541808034,0.663836103626941,0.580305549222801,0.850502720207328,1.05022990673575
0.971,975,1,39,0.614583893208533,0.604642917098444,0.584968362694296,0.576117844559586,0.780490808290156
0.971,975,1,40,0.535394815265999,0.63291423834197,0.589778481865286,0.543313880829015,0.692321652849741
0.971,975,1,41,0.290140293790841,0.321361694300527,0.395791196891203,0.462042694300524,0.559251979274612
0.971,975,1,42,0.294897310162056,0.380767875647675,0.461678419689126,0.446741720207254,0.530316678756477
0.971,975,1,43,0.420345752841233,0.294489248704662,0.512942487046658,0.581346150259049,0.722017196891192
0.971,975,1,44,0.546773404954756,0.445887440414499,0.757690901554418,0.781520549222802,0.882369461139907
0.971,975,2,1,1.56583579995645,0.919845782383442,1.96517134715026,1.89554979792746,1.22730566321245
0.971,975,2,2,0.827182465410574,0.526595544041462,0.707997455958551,0.732273994818692,0.908087958549221
0.971,975,2,3,0.451799092446724,0.483027937823823,0.513014471502594,0.521243704663208,0.709495590673559
0.971,975,2,4,0.594750820980623,0.695842341968917,0.697206849740857,0.912680072538861,1.02104035233163
0.971,975,2,5,0.707704364482459,0.619421025906735,0.81076593264248,0.881263823834195,1.20321100518135
0.971,975,2,6,0.491646538464053,0.461980906735751,0.406611601036269,0.596928378238341,0.670645813471508
0.971,975,2,7,0.497037394936252,0.72444205699481,0.567472875647668,0.434837082901554,0.716697958549211
0.971,975,2,8,0.327163109691371,0.49018181865285,0.444452227979273,0.420654160621755,0.610049766839377
0.971,975,2,9,0.854141573692133,0.858709875647657,0.949076471502575,0.883650554404145,1.162761626943
0.971,975,2,10,0.919960370832166,0.675632854922279,0.841774616580311,0.94796256994819,0.860081041450778
0.971,975,2,11,0.660883958559471,0.66524482383418,0.815962673575091,0.776930870466289,0.979705031088064
0.971,975,2,12,0.842827417465701,1.21504111917099,1.11558665284971,0.977049274611377,1.12038943005178
0.971,975,2,13,0.529129802745653,0.443939404145072,0.607838580310879,0.700541756476687,0.776954373056994
0.971,975,2,14,0.860773272094026,0.689374880829011,0.74949858031088,0.840562445595855,0.956106497409329
0.971,975,2,15,0.813111525900438,0.544252720207242,0.722129398963719,0.715031989637294,1.04044092227979
0.971,975,2,16,0.550680501048653,0.737050632124371,0.649276813471509,0.607712590673556,0.981070518134757
0.971,975,2,17,0.432279860319037,0.391064787564755,0.572401259067344,0.539433279792745,0.619912906735751
0.971,975,2,18,0.663069575004167,0.599544202072508,0.591405678756468,0.708390740932641,0.94900365803108
0.971,975,2,19,0.500950147030495,0.395847844559603,0.48215325388603,0.693796637305711,0.667979968911917
0.971,975,2,20,0.541966060293196,0.341057554404144,0.431891310881052,0.669590725388663,0.684717849740931
0.971,975,2,21,0.435081917319075,0.438982906735754,0.535176310880827,0.501583217616581,0.753096834196892
0.971,975,2,22,0.405910574076426,0.389401787564767,0.518537264248705,0.575747968911917,0.735422658031085
0.971,975,2,23,0.489701494395758,0.39434503626938,0.41349715025907,0.558505155440432,0.667047051813477
0.971,975,2,24,0.573189976095926,0.40945318911928,0.506856393782391,0.541521585492314,0.637724088082882
0.971,975,2,25,0.806345748704424,0.900441487046628,0.813901414507772,0.795638269430051,1.08236713989638
0.971,975,2,26,0.967557570149046,0.939771056994816,1.2653808911917,1.165648626943,1.41134931606218
0.971,975,2,27,1.10447252355106,0.819078310880831,0.694028865284973,0.979374103626948,1.353634626943
0.971,975,2,28,0.295868878685834,0.486275367875647,0.443679575129529,0.458798424870462,0.548967124352332
0.971,975,2,29,0.330678951642465,0.483828393782385,0.540492554404141,0.430739336787566,0.611992818652854
0.971,975,2,30,0.406973685935734,0.466147958549224,0.538790181347151,0.510707860103626,0.653331839378238
0.971,975,2,31,0.632302686207678,0.656831616580308,0.444301792746118,0.565050715025902,0.666983031088088
0.971,975,2,32,0.68691525312847,0.354646455958549,0.451791788860102,0.51786783937824,0.650987450777204
0.971,975,2,33,0.744989699211848,0.696407606217617,0.675822974093263,0.624101476683938,0.892804373056995
0.971,975,2,34,0.652787867629056,0.562965129533678,0.63001875129534,0.609433181347153,0.823079777202065
0.971,975,2,35,0.432427340582474,0.427893922279785,0.530878751295328,0.589869518134713,0.767523290155436
0.971,975,2,36,0.447416775922126,0.501645393782378,0.495738818652843,0.435947233160617,0.667583668393778
0.971,975,2,37,0.745138170203604,0.81923680310878,0.978472082901556,0.750087766839379,1.09730065803109
0.971,975,2,38,0.648155541808034,0.663836103626941,0.580305549222801,0.850502720207328,1.05022990673575
0.971,975,2,39,0.614583893208533,0.604642917098444,0.584968362694296,0.576117844559586,0.780490808290156
0.971,975,2,40,0.535394815265999,0.63291423834197,0.589778481865286,0.543313880829015,0.692321652849741
0.971,975,2,41,0.290140293790841,0.321361694300527,0.395791196891203,0.462042694300524,0.559251979274612
0.971,975,2,42,0.294897310162056,0.380767875647675,0.461678419689126,0.446741720207254,0.530316678756477
0.971,975,2,43,0.420345752841233,0.294489248704662,0.512942487046658,0.581346150259049,0.722017196891192
0.971,975,2,44,0.546773404954756,0.445887440414499,0.757690901554418,0.781520549222802,0.882369461139907
1.44,2475,1,3,0.669852039009856,0.562040393782371,0.637550378238331,0.752102715025904,0.838847704663207
1.44,2475,1,4,0.881796924334536,0.806193751295324,1.07200403108805,1.11939821761658,1.48702292746118
1.44,2475,1,5,1.04926552419016,0.855374321243519,0.972977300518135,1.28390122797931,1.78423687564768
1.44,2475,1,6,0.72893115937615,0.454052626943003,0.561941341968912,1.01693407253869,0.976465575129526
1.44,2475,1,7,0.736923818636168,0.810336616580298,0.800133051813462,0.697206357512945,1.03623174093263
1.44,2475,1,8,0.485062674492671,0.557414751295327,0.452092222797925,0.543954305699479,0.78921063730569
1.44,2475,1,9,1.26637809660547,1.29762209844559,1.34645548186529,1.21894019170984,1.39267335751295
1.44,2475,1,10,1.36396318742684,0.978519590673572,1.56409884455959,1.54311292746114,1.50596977202073
1.44,2475,1,11,0.979848066521224,0.868756326424847,1.16618989119172,1.0147658601036,1.07716288082902
1.44,2475,1,12,1.24960336034625,1.4167753212431,1.37386711917094,1.47047906735751,1.55780312953368
1.44,2475,1,13,0.78450506695485,0.583401839378238,1.03385327979293,0.898348098445614,0.961543202072533
1.44,2475,1,14,1.27621046849571,0.8605014611399,1.48585736787565,1.48796024352332,1.76099811398964
1.44,2475,1,15,1.20554561235877,0.768793186528498,0.794682699481859,0.965264886010359,1.22147709326423
1.44,2475,1,16,0.816456833661982,0.829795569948179,0.899279678756477,0.846808787564778,1.12608623316061
1.44,2475,1,17,0.64091219017167,0.513555378238334,0.556220367875639,0.677576352331608,0.766241404145076
1.44,2475,1,18,0.983088532596631,0.750931642487064,0.832880808290151,1.06372839378241,1.25151920725387
1.44,2475,1,19,0.742724992238078,0.487323492227987,0.66607486010366,0.833564906735744,0.949689549222802
1.44,2475,1,20,0.803536520172059,0.560439606217637,0.813351217616595,0.875460502590679,1.21766593264249
1.44,2475,1,21,0.645066611077502,0.554109896373053,0.690175533678753,0.83899603108808,0.867077310880829
1.44,2475,1,22,0.601816228156361,0.54715567357513,0.807529492227979,0.74658770984455,1.10639224352331
1.44,2475,1,23,0.726047373735822,0.489215948186613,0.658155746114112,0.966640777202075,1.12043387564768
1.44,2475,1,24,0.849830113975145,0.470594528497427,0.747661160621761,0.80178913989647,1.09022222797931
1.44,2475,1,25,1.19551445088456,1.06363861139896,1.41481232642487,1.18788351295337,1.36646942487047
1.44,2475,1,26,1.43453234426359,1.63335363730571,1.94510240932643,1.53104983419689,1.78758371502591
1.44,2475,1,27,1.63752691030091,0.910761533678752,1.12228869430051,1.49200282383421,1.58624884974092
1.44,2475,1,28,0.438664829081382,0.528131621761655,0.427050766839372,0.509195683937824,0.700045922279775
1.44,2475,1,29,0.490275376198252,0.471246569948186,0.524810901554404,0.521824031088077,0.696874000000002
1.44,2475,1,30,0.603392432399705,0.628279020725388,0.827836455958549,0.706616269430054,0.827327606217617
1.44,2475,1,31,0.937472541907698,0.581613880829017,0.656082730569944,0.821567310880845,0.965819569948183
1.44,2475,1,32,1.01844291108074,0.376709186528496,0.658806238341971,0.808072041450777,1.02527416580311
1.44,2475,1,33,1.10454597497281,0.623346305699477,0.944836875647669,1.16116018134715,1.3843947253886
1.44,2475,1,34,0.967844538607127,0.50438965284974,1.0335019896373,0.831288357512951,1.25798792227979
1.44,2475,1,35,0.64113084921023,0.553730691709851,0.673819098445596,0.853757119170984,0.961279005181347
1.44,2475,1,36,0.663354673900751,0.657912373056999,0.741473476683942,0.741626077720204,0.803384632124348
1.44,2475,1,37,1.10476610289742,0.96907807772022,1.38812980310881,1.25007217098447,1.62108479274611
1.44,2475,1,38,0.960976501578179,0.926138689119214,1.17692166321243,1.08737515544042,1.33077406217616
1.44,2475,1,39,0.911202082719757,0.85900356994819,1.04228235233161,0.944705849740933,1.48956925388598
1.44,2475,1,40,0.793793778422706,0.520378310880829,0.596934124352338,0.702225082901553,0.899347269430052
1.44,2475,1,41,0.4301714426698,0.362607637305696,0.457952316062183,0.59767532642487,0.583049455958544
1.44,2475,1,42,0.437224349966724,0.42632241968912,0.517165357512966,0.638202922279794,0.740110347150252
1.44,2475,1,43,0.623218294009821,0.499158341968922,0.697305917098562,0.89640143523316,0.933695523316091
1.44,2475,1,44,0.810664045830268,0.550365803108801,0.761700880829017,0.920363968911914,1.22386925906737
1.44,2475,2,3,0.669852039009856,0.562040393782371,0.637550378238331,0.752102715025904,0.838847704663207
1.44,2475,2,4,0.881796924334536,0.806193751295324,1.07200403108805,1.11939821761658,1.48702292746118
1.44,2475,2,5,1.04926552419016,0.855374321243519,0.972977300518135,1.28390122797931,1.78423687564768
1.44,2475,2,6,0.72893115937615,0.454052626943003,0.561941341968912,1.01693407253869,0.976465575129526
1.44,2475,2,7,0.736923818636168,0.810336616580298,0.800133051813462,0.697206357512945,1.03623174093263
1.44,2475,2,8,0.485062674492671,0.557414751295327,0.452092222797925,0.543954305699479,0.78921063730569
1.44,2475,2,9,1.26637809660547,1.29762209844559,1.34645548186529,1.21894019170984,1.39267335751295
1.44,2475,2,10,1.36396318742684,0.978519590673572,1.56409884455959,1.54311292746114,1.50596977202073
1.44,2475,2,11,0.979848066521224,0.868756326424847,1.16618989119172,1.0147658601036,1.07716288082902
1.44,2475,2,12,1.24960336034625,1.4167753212431,1.37386711917094,1.47047906735751,1.55780312953368
1.44,2475,2,13,0.78450506695485,0.583401839378238,1.03385327979293,0.898348098445614,0.961543202072533
1.44,2475,2,14,1.27621046849571,0.8605014611399,1.48585736787565,1.48796024352332,1.76099811398964
1.44,2475,2,15,1.20554561235877,0.768793186528498,0.794682699481859,0.965264886010359,1.22147709326423
1.44,2475,2,16,0.816456833661982,0.829795569948179,0.899279678756477,0.846808787564778,1.12608623316061
1.44,2475,2,17,0.64091219017167,0.513555378238334,0.556220367875639,0.677576352331608,0.766241404145076
1.44,2475,2,18,0.983088532596631,0.750931642487064,0.832880808290151,1.06372839378241,1.25151920725387
1.44,2475,2,19,0.742724992238078,0.487323492227987,0.66607486010366,0.833564906735744,0.949689549222802
1.44,2475,2,20,0.803536520172059,0.560439606217637,0.813351217616595,0.875460502590679,1.21766593264249
1.44,2475,2,21,0.645066611077502,0.554109896373053,0.690175533678753,0.83899603108808,0.867077310880829
1.44,2475,2,22,0.601816228156361,0.54715567357513,0.807529492227979,0.74658770984455,1.10639224352331
1.44,2475,2,23,0.726047373735822,0.489215948186613,0.658155746114112,0.966640777202075,1.12043387564768
1.44,2475,2,24,0.849830113975145,0.470594528497427,0.747661160621761,0.80178913989647,1.09022222797931
1.44,2475,2,25,1.19551445088456,1.06363861139896,1.41481232642487,1.18788351295337,1.36646942487047
1.44,2475,2,26,1.43453234426359,1.63335363730571,1.94510240932643,1.53104983419689,1.78758371502591
1.44,2475,2,27,1.63752691030091,0.910761533678752,1.12228869430051,1.49200282383421,1.58624884974092
1.44,2475,2,28,0.438664829081382,0.528131621761655,0.427050766839372,0.509195683937824,0.700045922279775
1.44,2475,2,29,0.490275376198252,0.471246569948186,0.524810901554404,0.521824031088077,0.696874000000002
1.44,2475,2,30,0.603392432399705,0.628279020725388,0.827836455958549,0.706616269430054,0.827327606217617
1.44,2475,2,31,0.937472541907698,0.581613880829017,0.656082730569944,0.821567310880845,0.965819569948183
1.44,2475,2,32,1.01844291108074,0.376709186528496,0.658806238341971,0.808072041450777,1.02527416580311
1.44,2475,2,33,1.10454597497281,0.623346305699477,0.944836875647669,1.16116018134715,1.3843947253886
1.44,2475,2,34,0.967844538607127,0.50438965284974,1.0335019896373,0.831288357512951,1.25798792227979
1.44,2475,2,35,0.64113084921023,0.553730691709851,0.673819098445596,0.853757119170984,0.961279005181347
1.44,2475,2,36,0.663354673900751,0.657912373056999,0.741473476683942,0.741626077720204,0.803384632124348
1.44,2475,2,37,1.10476610289742,0.96907807772022,1.38812980310881,1.25007217098447,1.62108479274611
1.44,2475,2,38,0.960976501578179,0.926138689119214,1.17692166321243,1.08737515544042,1.33077406217616
1.44,2475,2,39,0.911202082719757,0.85900356994819,1.04228235233161,0.944705849740933,1.48956925388598
1.44,2475,2,40,0.793793778422706,0.520378310880829,0.596934124352338,0.702225082901553,0.899347269430052
1.44,2475,2,41,0.4301714426698,0.362607637305696,0.457952316062183,0.59767532642487,0.583049455958544
1.44,2475,2,42,0.437224349966724,0.42632241968912,0.517165357512966,0.638202922279794,0.740110347150252
1.44,2475,2,43,0.623218294009821,0.499158341968922,0.697305917098562,0.89640143523316,0.933695523316091
1.44,2475,2,44,0.810664045830268,0.550365803108801,0.761700880829017,0.920363968911914,1.22386925906737
1.793,4975,1,5,1.30617263318538,1.15311027979275,1.42078586010362,1.53402747150259,1.97355245595853
1.793,4975,1,6,0.907406094933002,0.668346357512943,0.644194870466314,1.12150394300519,1.10216951813471
1.793,4975,1,7,0.917355714501289,0.894523300518133,0.951406994818647,0.690125269430057,1.36907746113993
1.793,4975,1,8,0.603827702516999,0.606550502590661,0.50329449740932,0.597357699481862,0.82254623834197
1.793,4975,1,11,1.21975867848841,1.16563195336781,1.44330027979272,1.25819578756473,1.40857743523318
1.793,4975,1,12,1.55556212797568,1.47223806735746,1.55403695854921,1.56138927979318,1.69836071502584
1.793,4975,1,15,1.50071707362642,1.02284800518134,0.998163715025906,1.35599211917099,1.44634291191708
1.793,4975,1,16,1.01636196722423,0.79305722797928,0.884275046632124,1.15139432124352,1.13659616062176
1.793,4975,1,17,0.797836147073699,0.615317601036267,0.700903196891188,0.767713010362686,0.977731901554395
1.793,4975,1,18,1.223792555528,0.83892064766837,1.22325820207239,1.43997852849741,1.52625404145083
1.793,4975,1,19,0.924577274749369,0.612931445595842,0.836594139896365,0.869520746113945,1.19063146632127
1.793,4975,1,20,1.00027818337387,0.550068699481866,0.892130487046635,1.07037011398965,1.43649219689116
1.793,4975,1,21,0.803007755945648,0.580823362694301,0.812529886010358,1.02963733160621,1.05329953886011
1.793,4975,1,22,0.74916774572518,0.631404378238342,0.978516538860103,0.92478068911917,1.19109484455959
1.793,4975,1,23,0.903816229644827,0.665023559585486,0.741257321243559,1.20606451295331,1.10797848704665
1.793,4975,1,24,1.05790651855057,0.530907580310573,1.0312132797929,0.970164663212388,1.28553208290155
1.793,4975,1,25,1.48822983536821,1.46125161139896,1.69819465803108,1.72725651813468,1.45565029015544
1.793,4975,1,26,1.78576999462797,1.92499488082901,2.38000484455966,1.86573040414508,2.08156460103628
1.793,4975,1,27,2.03846670554672,1.10081701554404,1.61438847668393,1.92048660621762,1.50367046632124
1.793,4975,1,28,0.546069590277709,0.564993839378226,0.424041854922278,0.629813922279792,0.732079652849736
1.793,4975,1,29,0.610316706640185,0.656951062176163,0.731061466321243,0.662747886010364,0.950178383419688
1.793,4975,1,30,0.751129875233394,0.680551860103627,0.974392290155444,0.844292725388601,0.896985160621761
1.793,4975,1,31,1.16700773100085,0.823428797927515,0.903683170984464,1.32502663212435,1.38935750259069
1.793,4975,1,32,1.2678032664249,0.57196779274613,0.899056891191712,0.925529735751303,1.40435976683938
1.793,4975,1,33,1.37498820969846,1.02614805699483,1.42623318134715,1.37494563212435,1.38243660103627
1.793,4975,1,34,1.20481615030883,0.797204730569961,1.24400178238342,1.25120268393784,1.27508803108809
1.793,4975,1,35,0.798108343620314,0.657831212435234,0.818070621761658,0.976926917098445,1.20620848704664
1.793,4975,1,36,0.825773554137807,0.887788124352338,1.0946628031088,0.888320953367878,1.14690955440413
1.793,4975,1,37,1.3752622347801,1.20297293264248,1.69628554404145,1.4909879896373,1.73423143005186
1.793,4975,1,38,1.19626651077137,1.03536922797925,1.41225535751301,1.32840997409326,1.75929208808289
1.793,4975,1,39,1.13430508895132,1.01742277720208,1.21444222279794,1.2668602746114,1.69432687046634
1.793,4975,1,40,0.988149982883318,0.569856238341967,0.923456352331609,0.871731238341964,1.15307503626943
1.793,4975,1,41,0.535496643165547,0.392216979274611,0.533178398963733,0.651734911917099,0.848234300518134
1.793,4975,1,42,0.544276417477436,0.535363326424877,0.576996813471502,0.729001849740935,0.82901403626943
1.793,4975,1,43,0.775809994104584,0.453665290155441,0.750227772020725,0.984982113989635,1.18269448186531
1.793,4975,1,44,1.00915084595779,0.702403398963734,1.08175443005183,1.06859684455958,1.30689614507773
1.793,4975,2,5,1.30617263318538,1.15311027979275,1.42078586010362,1.53402747150259,1.97355245595853
1.793,4975,2,6,0.907406094933002,0.668346357512943,0.644194870466314,1.12150394300519,1.10216951813471
1.793,4975,2,7,0.917355714501289,0.894523300518133,0.951406994818647,0.690125269430057,1.36907746113993
1.793,4975,2,8,0.603827702516999,0.606550502590661,0.50329449740932,0.597357699481862,0.82254623834197
1.793,4975,2,11,1.21975867848841,1.16563195336781,1.44330027979272,1.25819578756473,1.40857743523318
1.793,4975,2,12,1.55556212797568,1.47223806735746,1.55403695854921,1.56138927979318,1.69836071502584
1.793,4975,2,15,1.50071707362642,1.02284800518134,0.998163715025906,1.35599211917099,1.44634291191708
1.793,4975,2,16,1.01636196722423,0.79305722797928,0.884275046632124,1.15139432124352,1.13659616062176
1.793,4975,2,17,0.797836147073699,0.615317601036267,0.700903196891188,0.767713010362686,0.977731901554395
1.793,4975,2,18,1.223792555528,0.83892064766837,1.22325820207239,1.43997852849741,1.52625404145083
1.793,4975,2,19,0.924577274749369,0.612931445595842,0.836594139896365,0.869520746113945,1.19063146632127
1.793,4975,2,20,1.00027818337387,0.550068699481866,0.892130487046635,1.07037011398965,1.43649219689116
1.793,4975,2,21,0.803007755945648,0.580823362694301,0.812529886010358,1.02963733160621,1.05329953886011
1.793,4975,2,22,0.74916774572518,0.631404378238342,0.978516538860103,0.92478068911917,1.19109484455959
1.793,4975,2,23,0.903816229644827,0.665023559585486,0.741257321243559,1.20606451295331,1.10797848704665
1.793,4975,2,24,1.05790651855057,0.530907580310573,1.0312132797929,0.970164663212388,1.28553208290155
1.793,4975,2,25,1.48822983536821,1.46125161139896,1.69819465803108,1.72725651813468,1.45565029015544
1.793,4975,2,26,1.78576999462797,1.92499488082901,2.38000484455966,1.86573040414508,2.08156460103628
1.793,4975,2,27,2.03846670554672,1.10081701554404,1.61438847668393,1.92048660621762,1.50367046632124
1.793,4975,2,28,0.546069590277709,0.564993839378226,0.424041854922278,0.629813922279792,0.732079652849736
1.793,4975,2,29,0.610316706640185,0.656951062176163,0.731061466321243,0.662747886010364,0.950178383419688
1.793,4975,2,30,0.751129875233394,0.680551860103627,0.974392290155444,0.844292725388601,0.896985160621761
1.793,4975,2,31,1.16700773100085,0.823428797927515,0.903683170984464,1.32502663212435,1.38935750259069
1.793,4975,2,32,1.2678032664249,0.57196779274613,0.899056891191712,0.925529735751303,1.40435976683938
1.793,4975,2,33,1.37498820969846,1.02614805699483,1.42623318134715,1.37494563212435,1.38243660103627
1.793,4975,2,34,1.20481615030883,0.797204730569961,1.24400178238342,1.25120268393784,1.27508803108809
1.793,4975,2,35,0.798108343620314,0.657831212435234,0.818070621761658,0.976926917098445,1.20620848704664
1.793,4975,2,36,0.825773554137807,0.887788124352338,1.0946628031088,0.888320953367878,1.14690955440413
1.793,4975,2,37,1.3752622347801,1.20297293264248,1.69628554404145,1.4909879896373,1.73423143005186
1.793,4975,2,38,1.19626651077137,1.03536922797925,1.41225535751301,1.32840997409326,1.75929208808289
1.793,4975,2,39,1.13430508895132,1.01742277720208,1.21444222279794,1.2668602746114,1.69432687046634
1.793,4975,2,40,0.988149982883318,0.569856238341967,0.923456352331609,0.871731238341964,1.15307503626943
1.793,4975,2,41,0.535496643165547,0.392216979274611,0.533178398963733,0.651734911917099,0.848234300518134
1.793,4975,2,42,0.544276417477436,0.535363326424877,0.576996813471502,0.729001849740935,0.82901403626943
1.793,4975,2,43,0.775809994104584,0.453665290155441,0.750227772020725,0.984982113989635,1.18269448186531
1.793,4975,2,44,1.00915084595779,0.702403398963734,1.08175443005183,1.06859684455958,1.30689614507773
