rp,direction,ground_motion,story_1,story_2,story_3,story_4,story_5,story_6,story_7,story_8
43,1,1,0.00180128,0.00243273,0.00259607,0.00266366,0.00332276,0.00385082,0.00367666,0.00284775
43,1,2,0.0024666,0.00334573,0.0035188,0.0034015,0.00347423,0.00355926,0.00375418,0.00305336
43,1,3,0.00362506,0.00471547,0.00431601,0.00325876,0.00484028,0.00600929,0.00573189,0.00440848
43,1,4,0.00148525,0.00204341,0.00220043,0.00224329,0.00227764,0.00263846,0.00253051,0.00200599
43,1,5,0.00272327,0.00366501,0.00362615,0.00306499,0.00325259,0.00372462,0.00372234,0.00297029
43,1,6,0.00174719,0.00223294,0.00251274,0.00283588,0.00297618,0.00282273,0.00267078,0.00215256
43,1,7,0.00149075,0.00211608,0.00235519,0.00242476,0.00268639,0.00283651,0.00268818,0.00219276
43,1,8,0.00331472,0.00468454,0.00505839,0.00526259,0.00552482,0.00535628,0.0046523,0.00361459
43,1,9,0.00261151,0.00349645,0.00357039,0.00347641,0.00408092,0.00434412,0.00402927,0.00310544
43,1,10,0.00341491,0.00458193,0.00477704,0.00585693,0.00710322,0.00738762,0.00650622,0.005037
43,1,11,0.00220176,0.00310676,0.00350694,0.00409672,0.00428134,0.00409884,0.00393128,0.00312453
43,1,12,0.00127123,0.00177231,0.00194219,0.00211961,0.00253518,0.0031388,0.00304837,0.0023736
43,1,13,0.00183767,0.00239224,0.00210466,0.00183546,0.00217101,0.00278545,0.00296006,0.00244472
43,1,14,0.00215531,0.00286241,0.00294017,0.00346387,0.00394341,0.00439881,0.00397809,0.00301376
43,1,15,0.00140002,0.00184359,0.00180603,0.00170721,0.00205064,0.00242659,0.0022622,0.00174226
43,1,16,0.0017184,0.00237268,0.0025188,0.00278443,0.00309551,0.00323642,0.00316389,0.00252081
43,1,17,0.00163731,0.00207138,0.00204715,0.0022211,0.0024175,0.00257659,0.00252789,0.00203244
43,1,18,0.00247391,0.00352019,0.00388925,0.00389847,0.00366539,0.00323057,0.00260934,0.00193453
43,1,19,0.000547422,0.000641107,0.000703569,0.000705963,0.000856242,0.000844123,0.000864885,0.00076091
43,1,20,0.00119659,0.00168622,0.00189472,0.00194913,0.00192017,0.00173555,0.00135951,0.00103342
43,1,21,0.0016008,0.00240005,0.00280191,0.00296549,0.0029638,0.00290616,0.00248558,0.0018481
43,1,22,0.00108267,0.00153425,0.00171804,0.00175616,0.00190549,0.00189069,0.00160436,0.00117165
43,1,23,0.00107909,0.00146442,0.00164143,0.00175667,0.00187341,0.00183736,0.00162918,0.00157727
43,1,24,0.00210623,0.00268315,0.00263458,0.00303237,0.00348542,0.00370759,0.00386198,0.00341052
43,1,25,0.00241124,0.00322589,0.00304749,0.00347392,0.00457281,0.00492987,0.00421436,0.00363298
43,1,26,0.00145191,0.00170091,0.00144074,0.00198806,0.00290932,0.00340111,0.00317825,0.00249909
43,1,27,0.00146568,0.00183484,0.00156023,0.00133554,0.00202791,0.0026159,0.00265506,0.00219237
43,1,28,0.00248902,0.00318479,0.00353318,0.00399013,0.00434193,0.00432582,0.00389516,0.00295517
43,1,29,0.0010293,0.00125178,0.00127832,0.00173154,0.00224134,0.00220517,0.00168162,0.00148873
43,1,30,0.0027741,0.00373145,0.00421766,0.00457993,0.00442186,0.00438465,0.0038401,0.00302305
43,1,31,0.00209739,0.00273577,0.00270571,0.00241937,0.00280613,0.00306652,0.00286557,0.00229004
43,1,32,0.00232971,0.00320621,0.003449,0.00339692,0.00315346,0.00290704,0.00239325,0.00179924
43,1,33,0.00161322,0.00227774,0.00233707,0.00212297,0.00203044,0.00245682,0.00258098,0.00216375
43,1,34,0.00164872,0.00225834,0.00249982,0.0027015,0.00307697,0.00341166,0.00312248,0.00241938
43,1,35,0.00167709,0.00217513,0.00200428,0.0021718,0.00255848,0.00263334,0.00289817,0.00249831
43,1,36,0.00143095,0.00158904,0.00146287,0.00138147,0.00223447,0.00234762,0.00243909,0.00209646
43,1,37,0.00122022,0.00169692,0.00182288,0.00179683,0.00165091,0.00156934,0.00136204,0.00105389
43,1,38,0.00112176,0.00152467,0.00176652,0.00197465,0.0021092,0.00212086,0.00185069,0.00139374
43,1,39,0.00173196,0.00215349,0.00201717,0.00156046,0.00219008,0.00257797,0.00276483,0.00242642
43,1,40,0.00203047,0.0025718,0.00260947,0.00242089,0.00289796,0.00316394,0.00304613,0.00244427
43,1,41,0.00188779,0.00217384,0.00202387,0.00233672,0.00295194,0.00294427,0.00257156,0.00246164
43,1,42,0.00137134,0.0018714,0.0020337,0.00199957,0.00222387,0.00229108,0.00208047,0.00158998
43,1,43,0.00133469,0.00180657,0.00176736,0.00167962,0.00184877,0.00192869,0.00199127,0.00164498
43,1,44,0.00189305,0.00221089,0.00161152,0.0014927,0.00308513,0.00406128,0.00393693,0.0031581
43,2,1,0.00180128,0.00243273,0.00259607,0.00266366,0.00332276,0.00385082,0.00367666,0.00284775
43,2,2,0.0024666,0.00334573,0.0035188,0.0034015,0.00347423,0.00355926,0.00375418,0.00305336
43,2,3,0.00362506,0.00471547,0.00431601,0.00325876,0.00484028,0.00600929,0.00573189,0.00440848
43,2,4,0.00148525,0.00204341,0.00220043,0.00224329,0.00227764,0.00263846,0.00253051,0.00200599
43,2,5,0.00272327,0.00366501,0.00362615,0.00306499,0.00325259,0.00372462,0.00372234,0.00297029
43,2,6,0.00174719,0.00223294,0.00251274,0.00283588,0.00297618,0.00282273,0.00267078,0.00215256
43,2,7,0.00149075,0.00211608,0.00235519,0.00242476,0.00268639,0.00283651,0.00268818,0.00219276
43,2,8,0.00331472,0.00468454,0.00505839,0.00526259,0.00552482,0.00535628,0.0046523,0.00361459
43,2,9,0.00261151,0.00349645,0.00357039,0.00347641,0.00408092,0.00434412,0.00402927,0.00310544
43,2,10,0.00341491,0.00458193,0.00477704,0.00585693,0.00710322,0.00738762,0.00650622,0.005037
43,2,11,0.00220176,0.00310676,0.00350694,0.00409672,0.00428134,0.00409884,0.00393128,0.00312453
43,2,12,0.00127123,0.00177231,0.00194219,0.00211961,0.00253518,0.0031388,0.00304837,0.0023736
43,2,13,0.00183767,0.00239224,0.00210466,0.00183546,0.00217101,0.00278545,0.00296006,0.00244472
43,2,14,0.00215531,0.00286241,0.00294017,0.00346387,0.00394341,0.00439881,0.00397809,0.00301376
43,2,15,0.00140002,0.00184359,0.00180603,0.00170721,0.00205064,0.00242659,0.0022622,0.00174226
43,2,16,0.0017184,0.00237268,0.0025188,0.00278443,0.00309551,0.00323642,0.00316389,0.00252081
43,2,17,0.00163731,0.00207138,0.00204715,0.0022211,0.0024175,0.00257659,0.00252789,0.00203244
43,2,18,0.00247391,0.00352019,0.00388925,0.00389847,0.00366539,0.00323057,0.00260934,0.00193453
43,2,19,0.000547422,0.000641107,0.000703569,0.000705963,0.000856242,0.000844123,0.000864885,0.00076091
43,2,20,0.00119659,0.00168622,0.00189472,0.00194913,0.00192017,0.00173555,0.00135951,0.00103342
43,2,21,0.0016008,0.00240005,0.00280191,0.00296549,0.0029638,0.00290616,0.00248558,0.0018481
43,2,22,0.00108267,0.00153425,0.00171804,0.00175616,0.00190549,0.00189069,0.00160436,0.00117165
43,2,23,0.00107909,0.00146442,0.00164143,0.00175667,0.00187341,0.00183736,0.00162918,0.00157727
43,2,24,0.00210623,0.00268315,0.00263458,0.00303237,0.00348542,0.00370759,0.00386198,0.00341052
43,2,25,0.00241124,0.00322589,0.00304749,0.00347392,0.00457281,0.00492987,0.00421436,0.00363298
43,2,26,0.00145191,0.00170091,0.00144074,0.00198806,0.00290932,0.00340111,0.00317825,0.00249909
43,2,27,0.00146568,0.00183484,0.00156023,0.00133554,0.00202791,0.0026159,0.00265506,0.00219237
43,2,28,0.00248902,0.00318479,0.00353318,0.00399013,0.00434193,0.00432582,0.00389516,0.00295517
43,2,29,0.0010293,0.00125178,0.00127832,0.00173154,0.00224134,0.00220517,0.00168162,0.00148873
43,2,30,0.0027741,0.00373145,0.00421766,0.00457993,0.00442186,0.00438465,0.0038401,0.00302305
43,2,31,0.00209739,0.00273577,0.00270571,0.00241937,0.00280613,0.00306652,0.00286557,0.00229004
43,2,32,0.00232971,0.00320621,0.003449,0.00339692,0.00315346,0.00290704,0.00239325,0.00179924
43,2,33,0.00161322,0.00227774,0.00233707,0.00212297,0.00203044,0.00245682,0.00258098,0.00216375
43,2,34,0.00164872,0.00225834,0.00249982,0.0027015,0.00307697,0.00341166,0.00312248,0.00241938
43,2,35,0.00167709,0.00217513,0.00200428,0.0021718,0.00255848,0.00263334,0.00289817,0.00249831
43,2,36,0.00143095,0.00158904,0.00146287,0.00138147,0.00223447,0.00234762,0.00243909,0.00209646
43,2,37,0.00122022,0.00169692,0.00182288,0.00179683,0.00165091,0.00156934,0.00136204,0.00105389
43,2,38,0.00112176,0.00152467,0.00176652,0.00197465,0.0021092,0.00212086,0.00185069,0.00139374
43,2,39,0.00173196,0.00215349,0.00201717,0.00156046,0.00219008,0.00257797,0.00276483,0.00242642
43,2,40,0.00203047,0.0025718,0.00260947,0.00242089,0.00289796,0.00316394,0.00304613,0.00244427
43,2,41,0.00188779,0.00217384,0.00202387,0.00233672,0.00295194,0.00294427,0.00257156,0.00246164
43,2,42,0.00137134,0.0018714,0.0020337,0.00199957,0.00222387,0.00229108,0.00208047,0.00158998
43,2,43,0.00133469,0.00180657,0.00176736,0.00167962,0.00184877,0.00192869,0.00199127,0.00164498
43,2,44,0.00189305,0.00221089,0.00161152,0.0014927,0.00308513,0.00406128,0.00393693,0.0031581
72,1,1,0.0025218,0.00340582,0.0036345,0.00372912,0.00465186,0.00539115,0.00514731,0.00398687
72,1,2,0.00345324,0.00468402,0.00492632,0.00476209,0.00486392,0.00498297,0.00525586,0.00427472
72,1,3,0.00513387,0.00633399,0.00590377,0.00456225,0.00668299,0.00831581,0.00797416,0.00617081
72,1,4,0.00207935,0.00286077,0.0030806,0.0031406,0.00318869,0.00369385,0.00354272,0.00280838
72,1,5,0.00381258,0.00513102,0.00507661,0.00429096,0.00455361,0.00521448,0.0052113,0.00415844
72,1,6,0.00244606,0.00312613,0.00351783,0.00397023,0.00416664,0.00395181,0.0037391,0.00301359
72,1,7,0.00208705,0.0029625,0.00329727,0.00339467,0.00376095,0.00397111,0.00376345,0.00306986
72,1,8,0.00464123,0.00655751,0.00708174,0.00736762,0.00773475,0.0074988,0.00651322,0.00506043
72,1,9,0.00365611,0.00489502,0.00499853,0.00486696,0.00571329,0.00608177,0.00564097,0.00434762
72,1,10,0.00452514,0.00613264,0.006569,0.0079839,0.00998903,0.0104327,0.00860259,0.00662093
72,1,11,0.00308248,0.00434947,0.00490972,0.00573542,0.00599389,0.00573838,0.0055038,0.00437435
72,1,12,0.00177972,0.00248124,0.00271907,0.00296746,0.00354926,0.00439433,0.00426772,0.00332304
72,1,13,0.00257273,0.00334915,0.00294654,0.00256965,0.00303941,0.00389962,0.00414407,0.0034226
72,1,14,0.00301744,0.00400736,0.00411623,0.00484941,0.00552076,0.00615832,0.00556932,0.00421926
72,1,15,0.00196001,0.002581,0.00252843,0.00239009,0.00287088,0.00339721,0.00316706,0.00243915
72,1,16,0.00240576,0.00332176,0.00352632,0.0038982,0.00433371,0.00453098,0.00442944,0.00352913
72,1,17,0.00229223,0.00289994,0.00286601,0.00310954,0.0033845,0.00360723,0.00353904,0.00284541
72,1,18,0.00346347,0.00492826,0.00544496,0.00545787,0.00513155,0.0045228,0.00365308,0.00270835
72,1,19,0.000766378,0.000897538,0.000984986,0.000988351,0.00119874,0.00118177,0.00121083,0.00106526
72,1,20,0.00167522,0.00236072,0.00265261,0.00272877,0.00268823,0.00242976,0.00190329,0.00144682
72,1,21,0.00224111,0.00336007,0.00392267,0.00415169,0.00414931,0.00406861,0.00347979,0.00258733
72,1,22,0.00151575,0.00214796,0.00240527,0.00245862,0.00266766,0.00264694,0.00224607,0.00164028
72,1,23,0.00151072,0.00205019,0.00229801,0.00245934,0.00262277,0.0025723,0.00228084,0.00220817
72,1,24,0.00294872,0.0037564,0.00368841,0.00424531,0.00487959,0.00519062,0.00540677,0.00477472
72,1,25,0.00337573,0.00451624,0.00426648,0.0048635,0.00640194,0.00690182,0.0059001,0.00508617
72,1,26,0.00203267,0.00238126,0.00201703,0.00278328,0.00407304,0.00476153,0.00444954,0.00349872
72,1,27,0.00205196,0.00256879,0.00218432,0.00186976,0.00283909,0.00366225,0.00371708,0.00306931
72,1,28,0.00348463,0.0044587,0.00494645,0.00558619,0.00607871,0.00605616,0.00545324,0.00413724
72,1,29,0.00144102,0.00175254,0.00178966,0.00242416,0.00313786,0.00308725,0.00235426,0.00208425
72,1,30,0.00388375,0.00522403,0.00590472,0.0064119,0.00619061,0.00613852,0.00537615,0.00423228
72,1,31,0.00293636,0.00383007,0.00378798,0.0033871,0.00392856,0.00429312,0.0040118,0.00320606
72,1,32,0.00326159,0.00448869,0.00482859,0.00475568,0.00441484,0.00406986,0.00335056,0.00251894
72,1,33,0.00225851,0.00318884,0.0032719,0.00297216,0.00284261,0.00343954,0.00361337,0.00302925
72,1,34,0.00230821,0.00316169,0.00349975,0.00378211,0.00430776,0.00477633,0.00437149,0.00338715
72,1,35,0.00234793,0.00304519,0.002806,0.00304052,0.00358186,0.00368666,0.00405743,0.00349763
72,1,36,0.00200333,0.00222466,0.00204802,0.00193406,0.00312826,0.00328666,0.00341472,0.00293505
72,1,37,0.0017083,0.00237569,0.00255204,0.00251557,0.0023113,0.00219708,0.00190686,0.00147544
72,1,38,0.00157047,0.00213454,0.00247313,0.00276451,0.00295289,0.00296921,0.00259097,0.00195124
72,1,39,0.00242475,0.00301488,0.00282404,0.00218464,0.00306612,0.00360914,0.00387075,0.00339698
72,1,40,0.00284267,0.00360053,0.00365328,0.00338927,0.00405715,0.00442953,0.00426459,0.00342198
72,1,41,0.00264289,0.00304336,0.00283342,0.00327141,0.00413272,0.00412197,0.00360017,0.00344628
72,1,42,0.00191988,0.00261996,0.00284719,0.0027994,0.0031134,0.0032075,0.00291265,0.00222596
72,1,43,0.00186858,0.0025292,0.00247431,0.00235146,0.00258827,0.00270017,0.0027878,0.00230299
72,1,44,0.00265028,0.00309525,0.00225612,0.00208978,0.00431918,0.00568579,0.00551171,0.00442135
72,2,1,0.0025218,0.00340582,0.0036345,0.00372912,0.00465186,0.00539115,0.00514731,0.00398687
72,2,2,0.00345324,0.00468402,0.00492632,0.00476209,0.00486392,0.00498297,0.00525586,0.00427472
72,2,3,0.00513387,0.00633399,0.00590377,0.00456225,0.00668299,0.00831581,0.00797416,0.00617081
72,2,4,0.00207935,0.00286077,0.0030806,0.0031406,0.00318869,0.00369385,0.00354272,0.00280838
72,2,5,0.00381258,0.00513102,0.00507661,0.00429096,0.00455361,0.00521448,0.0052113,0.00415844
72,2,6,0.00244606,0.00312613,0.00351783,0.00397023,0.00416664,0.00395181,0.0037391,0.00301359
72,2,7,0.00208705,0.0029625,0.00329727,0.00339467,0.00376095,0.00397111,0.00376345,0.00306986
72,2,8,0.00464123,0.00655751,0.00708174,0.00736762,0.00773475,0.0074988,0.00651322,0.00506043
72,2,9,0.00365611,0.00489502,0.00499853,0.00486696,0.00571329,0.00608177,0.00564097,0.00434762
72,2,10,0.00452514,0.00613264,0.006569,0.0079839,0.00998903,0.0104327,0.00860259,0.00662093
72,2,11,0.00308248,0.00434947,0.00490972,0.00573542,0.00599389,0.00573838,0.0055038,0.00437435
72,2,12,0.00177972,0.00248124,0.00271907,0.00296746,0.00354926,0.00439433,0.00426772,0.00332304
72,2,13,0.00257273,0.00334915,0.00294654,0.00256965,0.00303941,0.00389962,0.00414407,0.0034226
72,2,14,0.00301744,0.00400736,0.00411623,0.00484941,0.00552076,0.00615832,0.00556932,0.00421926
72,2,15,0.00196001,0.002581,0.00252843,0.00239009,0.00287088,0.00339721,0.00316706,0.00243915
72,2,16,0.00240576,0.00332176,0.00352632,0.0038982,0.00433371,0.00453098,0.00442944,0.00352913
72,2,17,0.00229223,0.00289994,0.00286601,0.00310954,0.0033845,0.00360723,0.00353904,0.00284541
72,2,18,0.00346347,0.00492826,0.00544496,0.00545787,0.00513155,0.0045228,0.00365308,0.00270835
72,2,19,0.000766378,0.000897538,0.000984986,0.000988351,0.00119874,0.00118177,0.00121083,0.00106526
72,2,20,0.00167522,0.00236072,0.00265261,0.00272877,0.00268823,0.00242976,0.00190329,0.00144682
72,2,21,0.00224111,0.00336007,0.00392267,0.00415169,0.00414931,0.00406861,0.00347979,0.00258733
72,2,22,0.00151575,0.00214796,0.00240527,0.00245862,0.00266766,0.00264694,0.00224607,0.00164028
72,2,23,0.00151072,0.00205019,0.00229801,0.00245934,0.00262277,0.0025723,0.00228084,0.00220817
72,2,24,0.00294872,0.0037564,0.00368841,0.00424531,0.00487959,0.00519062,0.00540677,0.00477472
72,2,25,0.00337573,0.00451624,0.00426648,0.0048635,0.00640194,0.00690182,0.0059001,0.00508617
72,2,26,0.00203267,0.00238126,0.00201703,0.00278328,0.00407304,0.00476153,0.00444954,0.00349872
72,2,27,0.00205196,0.00256879,0.00218432,0.00186976,0.00283909,0.00366225,0.00371708,0.00306931
72,2,28,0.00348463,0.0044587,0.00494645,0.00558619,0.00607871,0.00605616,0.00545324,0.00413724
72,2,29,0.00144102,0.00175254,0.00178966,0.00242416,0.00313786,0.00308725,0.00235426,0.00208425
72,2,30,0.00388375,0.00522403,0.00590472,0.0064119,0.00619061,0.00613852,0.00537615,0.00423228
72,2,31,0.00293636,0.00383007,0.00378798,0.0033871,0.00392856,0.00429312,0.0040118,0.00320606
72,2,32,0.00326159,0.00448869,0.00482859,0.00475568,0.00441484,0.00406986,0.00335056,0.00251894
72,2,33,0.00225851,0.00318884,0.0032719,0.00297216,0.00284261,0.00343954,0.00361337,0.00302925
72,2,34,0.00230821,0.00316169,0.00349975,0.00378211,0.00430776,0.00477633,0.00437149,0.00338715
72,2,35,0.00234793,0.00304519,0.002806,0.00304052,0.00358186,0.00368666,0.00405743,0.00349763
72,2,36,0.00200333,0.00222466,0.00204802,0.00193406,0.00312826,0.00328666,0.00341472,0.00293505
72,2,37,0.0017083,0.00237569,0.00255204,0.00251557,0.0023113,0.00219708,0.00190686,0.00147544
72,2,38,0.00157047,0.00213454,0.00247313,0.00276451,0.00295289,0.00296921,0.00259097,0.00195124
72,2,39,0.00242475,0.00301488,0.00282404,0.00218464,0.00306612,0.00360914,0.00387075,0.00339698
72,2,40,0.00284267,0.00360053,0.00365328,0.00338927,0.00405715,0.00442953,0.00426459,0.00342198
72,2,41,0.00264289,0.00304336,0.00283342,0.00327141,0.00413272,0.00412197,0.00360017,0.00344628
72,2,42,0.00191988,0.00261996,0.00284719,0.0027994,0.0031134,0.0032075,0.00291265,0.00222596
72,2,43,0.00186858,0.0025292,0.00247431,0.00235146,0.00258827,0.00270017,0.0027878,0.00230299
72,2,44,0.00265028,0.00309525,0.00225612,0.00208978,0.00431918,0.00568579,0.00551171,0.00442135
108,1,1,0.00342244,0.00462218,0.00493253,0.00506094,0.00631323,0.00731657,0.00698565,0.00541073
108,1,2,0.00471141,0.00630695,0.00664593,0.00643415,0.00658221,0.00676261,0.00713296,0.00580141
108,1,3,0.00752737,0.00740495,0.00681518,0.00604884,0.00855667,0.0102424,0.00951948,0.00746535
108,1,4,0.00282198,0.00388248,0.00418082,0.00426224,0.00432751,0.00501308,0.00480797,0.00381137
108,1,5,0.00529214,0.00672161,0.00670733,0.00577202,0.00611934,0.00703658,0.00702179,0.00559929
108,1,6,0.00331966,0.00424261,0.0047742,0.00538817,0.00565473,0.00536318,0.0050745,0.00408987
108,1,7,0.00283242,0.00402054,0.00447487,0.00460705,0.00510414,0.00538936,0.00510754,0.00416623
108,1,8,0.00674983,0.00810194,0.00899177,0.00947257,0.00996072,0.00987573,0.00817703,0.00615487
108,1,9,0.00503777,0.00657222,0.00678338,0.00660517,0.00775375,0.00817445,0.00759375,0.00589694
108,1,10,0.00550187,0.00703541,0.00809721,0.00875978,0.0109485,0.0121002,0.0101111,0.00706715
108,1,11,0.00418335,0.00590284,0.00666319,0.00778377,0.00813455,0.00778779,0.00746943,0.0059366
108,1,12,0.00241533,0.00336738,0.00369017,0.00402727,0.00481684,0.00596373,0.0057919,0.00450985
108,1,13,0.00349156,0.00454527,0.00399888,0.00348738,0.00412492,0.00529234,0.0056241,0.00464496
108,1,14,0.00409509,0.00543856,0.00558632,0.00658134,0.00749246,0.00835771,0.00755835,0.00572613
108,1,15,0.00266002,0.00350279,0.00343144,0.00324369,0.00389618,0.00461049,0.00429815,0.00331028
108,1,16,0.00326496,0.0045081,0.00478573,0.00529042,0.00588147,0.00614919,0.00601138,0.00478953
108,1,17,0.0031109,0.00393566,0.0038896,0.0042201,0.00459325,0.00489554,0.00480302,0.00386166
108,1,18,0.00471195,0.00668302,0.00738985,0.00740708,0.00695326,0.00612353,0.00495777,0.00367562
108,1,19,0.00104009,0.00121809,0.00133677,0.00134133,0.00162686,0.00160383,0.00164327,0.00144572
108,1,20,0.0022735,0.00320383,0.00359997,0.00370334,0.00364832,0.00329753,0.00258305,0.00196352
108,1,21,0.00304152,0.0045601,0.00532363,0.00563443,0.00563121,0.00552168,0.00472257,0.00351137
108,1,22,0.00205708,0.00291507,0.00326429,0.00333671,0.0036204,0.00359229,0.00304826,0.00222611
108,1,23,0.00205026,0.0027824,0.00311872,0.00333767,0.00355948,0.00349098,0.00309542,0.00299681
108,1,24,0.00400183,0.00509797,0.00500569,0.00576148,0.00662229,0.0070444,0.00733774,0.00647997
108,1,25,0.00449125,0.00603013,0.0057097,0.00659347,0.0087246,0.00942671,0.00800091,0.00690265
108,1,26,0.00275861,0.0032317,0.0027374,0.00377729,0.00552768,0.00646207,0.00603865,0.00474825
108,1,27,0.0027848,0.00348621,0.00296443,0.00253754,0.00385306,0.0049702,0.0050446,0.0041655
108,1,28,0.0047679,0.0059975,0.00666512,0.00753905,0.00819674,0.00816591,0.00732918,0.0055463
108,1,29,0.00195568,0.00237845,0.00242884,0.00328994,0.00425853,0.00418985,0.00319507,0.00282863
108,1,30,0.00547642,0.00694179,0.00800793,0.00869263,0.00828627,0.00833208,0.00728616,0.00573229
108,1,31,0.00398505,0.00519796,0.00514082,0.00459678,0.00533163,0.00582639,0.00544459,0.00435109
108,1,32,0.00442645,0.0060918,0.0065531,0.00645415,0.00599157,0.00552337,0.00454718,0.00341856
108,1,33,0.00306511,0.0043277,0.00444043,0.00403364,0.00385782,0.00466794,0.00490385,0.00411112
108,1,34,0.00313257,0.00429086,0.00474966,0.00513286,0.00584624,0.00648216,0.00593272,0.00459683
108,1,35,0.00318647,0.00413275,0.00380813,0.00412642,0.00486109,0.00500332,0.0055065,0.00474677
108,1,36,0.00271881,0.00301918,0.00277945,0.0026248,0.00424549,0.00446047,0.00463426,0.00398327
108,1,37,0.0023184,0.00322414,0.00346347,0.00341398,0.00313676,0.00298175,0.00258789,0.00200239
108,1,38,0.00213134,0.00289687,0.00335639,0.00375182,0.00400748,0.00402963,0.0035163,0.0026481
108,1,39,0.00329073,0.00409162,0.00383262,0.00296487,0.00416115,0.00489812,0.00525316,0.0046102
108,1,40,0.0038579,0.00488643,0.00495801,0.00459971,0.00550613,0.00601149,0.00578764,0.00464409
108,1,41,0.00358679,0.00413028,0.00384535,0.00443977,0.0056087,0.00559411,0.00488596,0.00467711
108,1,42,0.00260555,0.00355566,0.00386404,0.00379919,0.00422533,0.00435304,0.00395288,0.00302095
108,1,43,0.00253592,0.00343248,0.00335799,0.00319127,0.00351266,0.00366451,0.00378342,0.00312546
108,1,44,0.0035968,0.00420069,0.00306188,0.00283613,0.00586174,0.00771642,0.00748017,0.00600039
108,2,1,0.00342244,0.00462218,0.00493253,0.00506094,0.00631323,0.00731657,0.00698565,0.00541073
108,2,2,0.00471141,0.00630695,0.00664593,0.00643415,0.00658221,0.00676261,0.00713296,0.00580141
108,2,3,0.00752737,0.00740495,0.00681518,0.00604884,0.00855667,0.0102424,0.00951948,0.00746535
108,2,4,0.00282198,0.00388248,0.00418082,0.00426224,0.00432751,0.00501308,0.00480797,0.00381137
108,2,5,0.00529214,0.00672161,0.00670733,0.00577202,0.00611934,0.00703658,0.00702179,0.00559929
108,2,6,0.00331966,0.00424261,0.0047742,0.00538817,0.00565473,0.00536318,0.0050745,0.00408987
108,2,7,0.00283242,0.00402054,0.00447487,0.00460705,0.00510414,0.00538936,0.00510754,0.00416623
108,2,8,0.00674983,0.00810194,0.00899177,0.00947257,0.00996072,0.00987573,0.00817703,0.00615487
108,2,9,0.00503777,0.00657222,0.00678338,0.00660517,0.00775375,0.00817445,0.00759375,0.00589694
108,2,10,0.00550187,0.00703541,0.00809721,0.00875978,0.0109485,0.0121002,0.0101111,0.00706715
108,2,11,0.00418335,0.00590284,0.00666319,0.00778377,0.00813455,0.00778779,0.00746943,0.0059366
108,2,12,0.00241533,0.00336738,0.00369017,0.00402727,0.00481684,0.00596373,0.0057919,0.00450985
108,2,13,0.00349156,0.00454527,0.00399888,0.00348738,0.00412492,0.00529234,0.0056241,0.00464496
108,2,14,0.00409509,0.00543856,0.00558632,0.00658134,0.00749246,0.00835771,0.00755835,0.00572613
108,2,15,0.00266002,0.00350279,0.00343144,0.00324369,0.00389618,0.00461049,0.00429815,0.00331028
108,2,16,0.00326496,0.0045081,0.00478573,0.00529042,0.00588147,0.00614919,0.00601138,0.00478953
108,2,17,0.0031109,0.00393566,0.0038896,0.0042201,0.00459325,0.00489554,0.00480302,0.00386166
108,2,18,0.00471195,0.00668302,0.00738985,0.00740708,0.00695326,0.00612353,0.00495777,0.00367562
108,2,19,0.00104009,0.00121809,0.00133677,0.00134133,0.00162686,0.00160383,0.00164327,0.00144572
108,2,20,0.0022735,0.00320383,0.00359997,0.00370334,0.00364832,0.00329753,0.00258305,0.00196352
108,2,21,0.00304152,0.0045601,0.00532363,0.00563443,0.00563121,0.00552168,0.00472257,0.00351137
108,2,22,0.00205708,0.00291507,0.00326429,0.00333671,0.0036204,0.00359229,0.00304826,0.00222611
108,2,23,0.00205026,0.0027824,0.00311872,0.00333767,0.00355948,0.00349098,0.00309542,0.00299681
108,2,24,0.00400183,0.00509797,0.00500569,0.00576148,0.00662229,0.0070444,0.00733774,0.00647997
108,2,25,0.00449125,0.00603013,0.0057097,0.00659347,0.0087246,0.00942671,0.00800091,0.00690265
108,2,26,0.00275861,0.0032317,0.0027374,0.00377729,0.00552768,0.00646207,0.00603865,0.00474825
108,2,27,0.0027848,0.00348621,0.00296443,0.00253754,0.00385306,0.0049702,0.0050446,0.0041655
108,2,28,0.0047679,0.0059975,0.00666512,0.00753905,0.00819674,0.00816591,0.00732918,0.0055463
108,2,29,0.00195568,0.00237845,0.00242884,0.00328994,0.00425853,0.00418985,0.00319507,0.00282863
108,2,30,0.00547642,0.00694179,0.00800793,0.00869263,0.00828627,0.00833208,0.00728616,0.00573229
108,2,31,0.00398505,0.00519796,0.00514082,0.00459678,0.00533163,0.00582639,0.00544459,0.00435109
108,2,32,0.00442645,0.0060918,0.0065531,0.00645415,0.00599157,0.00552337,0.00454718,0.00341856
108,2,33,0.00306511,0.0043277,0.00444043,0.00403364,0.00385782,0.00466794,0.00490385,0.00411112
108,2,34,0.00313257,0.00429086,0.00474966,0.00513286,0.00584624,0.00648216,0.00593272,0.00459683
108,2,35,0.00318647,0.00413275,0.00380813,0.00412642,0.00486109,0.00500332,0.0055065,0.00474677
108,2,36,0.00271881,0.00301918,0.00277945,0.0026248,0.00424549,0.00446047,0.00463426,0.00398327
108,2,37,0.0023184,0.00322414,0.00346347,0.00341398,0.00313676,0.00298175,0.00258789,0.00200239
108,2,38,0.00213134,0.00289687,0.00335639,0.00375182,0.00400748,0.00402963,0.0035163,0.0026481
108,2,39,0.00329073,0.00409162,0.00383262,0.00296487,0.00416115,0.00489812,0.00525316,0.0046102
108,2,40,0.0038579,0.00488643,0.00495801,0.00459971,0.00550613,0.00601149,0.00578764,0.00464409
108,2,41,0.00358679,0.00413028,0.00384535,0.00443977,0.0056087,0.00559411,0.00488596,0.00467711
108,2,42,0.00260555,0.00355566,0.00386404,0.00379919,0.00422533,0.00435304,0.00395288,0.00302095
108,2,43,0.00253592,0.00343248,0.00335799,0.00319127,0.00351266,0.00366451,0.00378342,0.00312546
108,2,44,0.0035968,0.00420069,0.00306188,0.00283613,0.00586174,0.00771642,0.00748017,0.00600039
224,1,1,0.005071,0.00702942,0.0076573,0.00793965,0.00948334,0.0111694,0.00983639,0.00721269
224,1,2,0.00773722,0.00787762,0.00866037,0.00887097,0.00913877,0.0102872,0.0102112,0.00761182
224,1,3,0.00926642,0.00840998,0.00787251,0.00812104,0.0114104,0.0138189,0.012172,0.00859086
224,1,4,0.00445576,0.00613023,0.00660129,0.00672985,0.00683291,0.00791538,0.00759154,0.00601796
224,1,5,0.00749144,0.00760088,0.00745917,0.00680423,0.00843976,0.00886022,0.00831824,0.00682902
224,1,6,0.00546931,0.00650713,0.00739561,0.00835963,0.00876768,0.00827061,0.00762348,0.0060514
224,1,7,0.00447224,0.00634822,0.00706558,0.00727428,0.00805916,0.00850952,0.00806453,0.00657827
224,1,8,0.00846269,0.0101439,0.0114346,0.0119826,0.0119679,0.0112147,0.00964093,0.00690958
224,1,9,0.00841677,0.00890015,0.00943506,0.0102918,0.0116176,0.0121036,0.00961196,0.00682108
224,1,10,0.00692486,0.00843879,0.0112086,0.0135926,0.0159264,0.0160498,0.0120387,0.00788286
224,1,11,0.00852105,0.00861459,0.0103237,0.0125388,0.013118,0.0114637,0.00826276,0.0058844
224,1,12,0.00381369,0.00524645,0.00575784,0.00632313,0.00760286,0.00945148,0.00919622,0.00704696
224,1,13,0.00587473,0.0069173,0.00614609,0.00534973,0.00639749,0.00839536,0.00873031,0.00713397
224,1,14,0.00794124,0.00776971,0.00736626,0.00843883,0.010569,0.0126147,0.0110159,0.00797782
224,1,15,0.00420004,0.00553073,0.00541807,0.00512163,0.00615187,0.00727974,0.00678657,0.00522677
224,1,16,0.00504895,0.0068016,0.0073442,0.00813084,0.00908952,0.00941899,0.00926424,0.00733931
224,1,17,0.00502558,0.00610424,0.0059112,0.00651745,0.0070803,0.00765024,0.00738813,0.0059013
224,1,18,0.00896877,0.00905841,0.00893173,0.00961039,0.010171,0.00918137,0.00729788,0.00541086
224,1,19,0.00164225,0.0019233,0.00211069,0.0021179,0.00256874,0.00253238,0.00259465,0.00228272
224,1,20,0.00358976,0.00505867,0.00568417,0.00584739,0.0057605,0.00520664,0.00407851,0.00310031
224,1,21,0.00482121,0.00718047,0.00838589,0.00888349,0.00887707,0.00870475,0.0074346,0.00553071
224,1,22,0.00324802,0.00460274,0.00515414,0.00526848,0.00571642,0.00567203,0.00481303,0.0035149
224,1,23,0.00323725,0.00439325,0.00492429,0.00527001,0.00562023,0.00551208,0.00488751,0.00473181
224,1,24,0.00568245,0.00687735,0.00703595,0.00795044,0.00885566,0.0100964,0.0116438,0.0101204
224,1,25,0.00726964,0.00730227,0.00812286,0.00957234,0.0112926,0.0122241,0.013111,0.0109347
224,1,26,0.00416875,0.00480365,0.00432221,0.00595148,0.00877624,0.0104531,0.00963155,0.00712731
224,1,27,0.00439704,0.00550453,0.00468069,0.00400664,0.00608377,0.00784768,0.00796516,0.0065771
224,1,28,0.00761052,0.0081972,0.00875838,0.0097031,0.0102185,0.010578,0.00849505,0.00597639
224,1,29,0.00308791,0.00375544,0.003835,0.00519464,0.006724,0.00661556,0.00504484,0.00446626
224,1,30,0.00887225,0.00978716,0.0115348,0.0122012,0.0109007,0.00968712,0.00849936,0.00693318
224,1,31,0.00707181,0.00734229,0.00696071,0.00714678,0.00799353,0.00919303,0.00846806,0.00669507
224,1,32,0.00829372,0.00873781,0.00882991,0.0086456,0.00856849,0.0079518,0.00646285,0.00480923
224,1,33,0.00485728,0.00679756,0.00698309,0.00632665,0.00606128,0.00734589,0.00768568,0.00642404
224,1,34,0.0047388,0.00644567,0.00714718,0.00802534,0.00933269,0.0106054,0.00937356,0.00710756
224,1,35,0.00513259,0.00648268,0.00601286,0.0065154,0.00755338,0.00776582,0.00869449,0.00749491
224,1,36,0.00429294,0.00476713,0.00438861,0.00414443,0.00670341,0.00704285,0.00731726,0.00628938
224,1,37,0.00366064,0.00509076,0.00546864,0.00539049,0.00495276,0.00470803,0.00408613,0.00316166
224,1,38,0.00336528,0.00457401,0.00529956,0.00592394,0.00632762,0.00636258,0.00555206,0.00418122
224,1,39,0.00531631,0.00628797,0.00591144,0.00456461,0.00630036,0.00773388,0.0082722,0.00707095
224,1,40,0.00685793,0.00720074,0.00677709,0.00663307,0.00875102,0.00959476,0.00915961,0.00731576
224,1,41,0.00607422,0.00608162,0.00607161,0.00701016,0.00892154,0.00886707,0.00746482,0.0073849
224,1,42,0.00411402,0.0056142,0.00610112,0.00599872,0.00667157,0.00687321,0.00624139,0.00476991
224,1,43,0.00400408,0.0054197,0.00530208,0.00503884,0.00554629,0.00578606,0.00597381,0.00493494
224,1,44,0.00583003,0.0062823,0.00443625,0.00387966,0.00817571,0.0106511,0.00994491,0.00848544
224,2,1,0.005071,0.00702942,0.0076573,0.00793965,0.00948334,0.0111694,0.00983639,0.00721269
224,2,2,0.00773722,0.00787762,0.00866037,0.00887097,0.00913877,0.0102872,0.0102112,0.00761182
224,2,3,0.00926642,0.00840998,0.00787251,0.00812104,0.0114104,0.0138189,0.012172,0.00859086
224,2,4,0.00445576,0.00613023,0.00660129,0.00672985,0.00683291,0.00791538,0.00759154,0.00601796
224,2,5,0.00749144,0.00760088,0.00745917,0.00680423,0.00843976,0.00886022,0.00831824,0.00682902
224,2,6,0.00546931,0.00650713,0.00739561,0.00835963,0.00876768,0.00827061,0.00762348,0.0060514
224,2,7,0.00447224,0.00634822,0.00706558,0.00727428,0.00805916,0.00850952,0.00806453,0.00657827
224,2,8,0.00846269,0.0101439,0.0114346,0.0119826,0.0119679,0.0112147,0.00964093,0.00690958
224,2,9,0.00841677,0.00890015,0.00943506,0.0102918,0.0116176,0.0121036,0.00961196,0.00682108
224,2,10,0.00692486,0.00843879,0.0112086,0.0135926,0.0159264,0.0160498,0.0120387,0.00788286
224,2,11,0.00852105,0.00861459,0.0103237,0.0125388,0.013118,0.0114637,0.00826276,0.0058844
224,2,12,0.00381369,0.00524645,0.00575784,0.00632313,0.00760286,0.00945148,0.00919622,0.00704696
224,2,13,0.00587473,0.0069173,0.00614609,0.00534973,0.00639749,0.00839536,0.00873031,0.00713397
224,2,14,0.00794124,0.00776971,0.00736626,0.00843883,0.010569,0.0126147,0.0110159,0.00797782
224,2,15,0.00420004,0.00553073,0.00541807,0.00512163,0.00615187,0.00727974,0.00678657,0.00522677
224,2,16,0.00504895,0.0068016,0.0073442,0.00813084,0.00908952,0.00941899,0.00926424,0.00733931
224,2,17,0.00502558,0.00610424,0.0059112,0.00651745,0.0070803,0.00765024,0.00738813,0.0059013
224,2,18,0.00896877,0.00905841,0.00893173,0.00961039,0.010171,0.00918137,0.00729788,0.00541086
224,2,19,0.00164225,0.0019233,0.00211069,0.0021179,0.00256874,0.00253238,0.00259465,0.00228272
224,2,20,0.00358976,0.00505867,0.00568417,0.00584739,0.0057605,0.00520664,0.00407851,0.00310031
224,2,21,0.00482121,0.00718047,0.00838589,0.00888349,0.00887707,0.00870475,0.0074346,0.00553071
224,2,22,0.00324802,0.00460274,0.00515414,0.00526848,0.00571642,0.00567203,0.00481303,0.0035149
224,2,23,0.00323725,0.00439325,0.00492429,0.00527001,0.00562023,0.00551208,0.00488751,0.00473181
224,2,24,0.00568245,0.00687735,0.00703595,0.00795044,0.00885566,0.0100964,0.0116438,0.0101204
224,2,25,0.00726964,0.00730227,0.00812286,0.00957234,0.0112926,0.0122241,0.013111,0.0109347
224,2,26,0.00416875,0.00480365,0.00432221,0.00595148,0.00877624,0.0104531,0.00963155,0.00712731
224,2,27,0.00439704,0.00550453,0.00468069,0.00400664,0.00608377,0.00784768,0.00796516,0.0065771
224,2,28,0.00761052,0.0081972,0.00875838,0.0097031,0.0102185,0.010578,0.00849505,0.00597639
224,2,29,0.00308791,0.00375544,0.003835,0.00519464,0.006724,0.00661556,0.00504484,0.00446626
224,2,30,0.00887225,0.00978716,0.0115348,0.0122012,0.0109007,0.00968712,0.00849936,0.00693318
224,2,31,0.00707181,0.00734229,0.00696071,0.00714678,0.00799353,0.00919303,0.00846806,0.00669507
224,2,32,0.00829372,0.00873781,0.00882991,0.0086456,0.00856849,0.0079518,0.00646285,0.00480923
224,2,33,0.00485728,0.00679756,0.00698309,0.00632665,0.00606128,0.00734589,0.00768568,0.00642404
224,2,34,0.0047388,0.00644567,0.00714718,0.00802534,0.00933269,0.0106054,0.00937356,0.00710756
224,2,35,0.00513259,0.00648268,0.00601286,0.0065154,0.00755338,0.00776582,0.00869449,0.00749491
224,2,36,0.00429294,0.00476713,0.00438861,0.00414443,0.00670341,0.00704285,0.00731726,0.00628938
224,2,37,0.00366064,0.00509076,0.00546864,0.00539049,0.00495276,0.00470803,0.00408613,0.00316166
224,2,38,0.00336528,0.00457401,0.00529956,0.00592394,0.00632762,0.00636258,0.00555206,0.00418122
224,2,39,0.00531631,0.00628797,0.00591144,0.00456461,0.00630036,0.00773388,0.0082722,0.00707095
224,2,40,0.00685793,0.00720074,0.00677709,0.00663307,0.00875102,0.00959476,0.00915961,0.00731576
224,2,41,0.00607422,0.00608162,0.00607161,0.00701016,0.00892154,0.00886707,0.00746482,0.0073849
224,2,42,0.00411402,0.0056142,0.00610112,0.00599872,0.00667157,0.00687321,0.00624139,0.00476991
224,2,43,0.00400408,0.0054197,0.00530208,0.00503884,0.00554629,0.00578606,0.00597381,0.00493494
224,2,44,0.00583003,0.0062823,0.00443625,0.00387966,0.00817571,0.0106511,0.00994491,0.00848544
475,1,1,0.00654212,0.00795588,0.00916904,0.0120889,0.0147203,0.0157305,0.0133234,0.00893464
475,1,2,0.0104434,0.00952194,0.0119944,0.0144445,0.0158271,0.0145144,0.0112568,0.00846979
475,1,3,0.0146971,0.0125559,0.0103754,0.00916436,0.0125268,0.0156432,0.013506,0.00939161
475,1,4,0.00703295,0.00820615,0.00876092,0.0088386,0.00925317,0.0106514,0.00986298,0.00830098
475,1,5,0.0127639,0.00952778,0.00845584,0.00886662,0.0104712,0.011998,0.0120131,0.010764
475,1,6,0.0101546,0.00919124,0.00945894,0.00979548,0.0105443,0.0119759,0.0103245,0.00730009
475,1,7,0.00659973,0.00761189,0.00836178,0.00964163,0.0109678,0.0132969,0.0116058,0.0081145
475,1,8,0.0117596,0.0118198,0.0118277,0.0130258,0.0145802,0.014299,0.0116558,0.00827415
475,1,9,0.0168893,0.0158836,0.0142293,0.012055,0.0132579,0.0135482,0.0119147,0.0086118
475,1,10,0.0118324,0.0120017,0.013414,0.0151869,0.0169244,0.0169352,0.0130307,0.00840172
475,1,11,0.00958856,0.0109062,0.0130323,0.0153831,0.0153879,0.0124036,0.00919037,0.00747339
475,1,12,0.00664953,0.00725458,0.00726496,0.0079299,0.0102593,0.0135946,0.0120414,0.00880204
475,1,13,0.0113554,0.00998292,0.0082173,0.00819891,0.0089202,0.011739,0.0112935,0.00896413
475,1,14,0.012707,0.0105321,0.00924741,0.00903743,0.0114045,0.0136488,0.0136774,0.010222
475,1,15,0.00887948,0.00841541,0.00752843,0.00721731,0.00911549,0.010235,0.0091797,0.00744385
475,1,16,0.00847755,0.00768173,0.00837101,0.0101506,0.0115578,0.014703,0.0130125,0.00882477
475,1,17,0.0105454,0.00902022,0.00838023,0.00862321,0.00950532,0.00995488,0.00854815,0.00665787
475,1,18,0.0123518,0.0116648,0.0142595,0.0177148,0.0175271,0.0143124,0.0102519,0.00726104
475,1,19,0.00257285,0.00301317,0.00330674,0.00331805,0.00402436,0.00396738,0.00406493,0.00357625
475,1,20,0.00637214,0.00790011,0.00857733,0.0087534,0.00870241,0.00769791,0.00632578,0.00485789
475,1,21,0.00756006,0.00969417,0.0125628,0.0138144,0.0128972,0.0130599,0.010656,0.0074591
475,1,22,0.00513223,0.00683268,0.00768728,0.00800335,0.00886094,0.00880867,0.00753646,0.00550674
475,1,23,0.00522927,0.00680738,0.00761265,0.00813192,0.00865423,0.00851847,0.00743713,0.00741317
475,1,24,0.00698307,0.00805466,0.00939757,0.0106712,0.0106031,0.0153471,0.0171473,0.0147124
475,1,25,0.0102206,0.00859689,0.0120459,0.014369,0.019683,0.021076,0.0171614,0.0137775
475,1,26,0.00799411,0.007337,0.00608,0.00826897,0.0135486,0.0168667,0.0140309,0.0104506
475,1,27,0.0063739,0.00653619,0.00578965,0.00543007,0.00812693,0.00967048,0.00981847,0.00791787
475,1,28,0.0136845,0.0137487,0.0155157,0.0162944,0.015453,0.0141573,0.0100104,0.00707336
475,1,29,0.00494818,0.00586147,0.00565202,0.007938,0.010704,0.0104511,0.00790358,0.00692003
475,1,30,0.0108836,0.0109345,0.0137058,0.0181011,0.0182219,0.0173359,0.014257,0.0106251
475,1,31,0.00961156,0.00900138,0.00888508,0.00976473,0.0128049,0.0165088,0.0139949,0.00983535
475,1,32,0.014628,0.0135681,0.0141368,0.0149536,0.01442,0.0132028,0.00996065,0.00680179
475,1,33,0.00739277,0.00872647,0.00918462,0.00809074,0.00765221,0.00956368,0.0101192,0.00805763
475,1,34,0.00743553,0.00790428,0.00864233,0.0106677,0.0147304,0.0155043,0.0119835,0.00890009
475,1,35,0.00669464,0.00793336,0.00821966,0.00911319,0.010421,0.0124028,0.0143122,0.0118174
475,1,36,0.00663451,0.00677462,0.00602676,0.00577933,0.0100284,0.0111079,0.0117806,0.00978126
475,1,37,0.00668721,0.00774358,0.0082641,0.00825425,0.00772315,0.00737591,0.00640161,0.00495327
475,1,38,0.00539416,0.00702355,0.00816646,0.0091019,0.00976296,0.00979699,0.00800602,0.00576689
475,1,39,0.00750469,0.00742493,0.00701233,0.00569705,0.00863244,0.0116369,0.0115428,0.00901712
475,1,40,0.00853907,0.00861867,0.00854304,0.00885142,0.0130663,0.0145051,0.01266,0.00963209
475,1,41,0.00755662,0.00789831,0.00820299,0.0121143,0.016415,0.0153283,0.0113052,0.0102505
475,1,42,0.00781882,0.00822827,0.00857934,0.00867606,0.00967513,0.0100087,0.00957884,0.00710494
475,1,43,0.00686041,0.00771573,0.00784003,0.00789418,0.0087256,0.00906792,0.00929833,0.00759785
475,1,44,0.00771001,0.00686711,0.00540227,0.00514994,0.00985625,0.0122867,0.0150873,0.0127383
475,2,1,0.00654212,0.00795588,0.00916904,0.0120889,0.0147203,0.0157305,0.0133234,0.00893464
475,2,2,0.0104434,0.00952194,0.0119944,0.0144445,0.0158271,0.0145144,0.0112568,0.00846979
475,2,3,0.0146971,0.0125559,0.0103754,0.00916436,0.0125268,0.0156432,0.013506,0.00939161
475,2,4,0.00703295,0.00820615,0.00876092,0.0088386,0.00925317,0.0106514,0.00986298,0.00830098
475,2,5,0.0127639,0.00952778,0.00845584,0.00886662,0.0104712,0.011998,0.0120131,0.010764
475,2,6,0.0101546,0.00919124,0.00945894,0.00979548,0.0105443,0.0119759,0.0103245,0.00730009
475,2,7,0.00659973,0.00761189,0.00836178,0.00964163,0.0109678,0.0132969,0.0116058,0.0081145
475,2,8,0.0117596,0.0118198,0.0118277,0.0130258,0.0145802,0.014299,0.0116558,0.00827415
475,2,9,0.0168893,0.0158836,0.0142293,0.012055,0.0132579,0.0135482,0.0119147,0.0086118
475,2,10,0.0118324,0.0120017,0.013414,0.0151869,0.0169244,0.0169352,0.0130307,0.00840172
475,2,11,0.00958856,0.0109062,0.0130323,0.0153831,0.0153879,0.0124036,0.00919037,0.00747339
475,2,12,0.00664953,0.00725458,0.00726496,0.0079299,0.0102593,0.0135946,0.0120414,0.00880204
475,2,13,0.0113554,0.00998292,0.0082173,0.00819891,0.0089202,0.011739,0.0112935,0.00896413
475,2,14,0.012707,0.0105321,0.00924741,0.00903743,0.0114045,0.0136488,0.0136774,0.010222
475,2,15,0.00887948,0.00841541,0.00752843,0.00721731,0.00911549,0.010235,0.0091797,0.00744385
475,2,16,0.00847755,0.00768173,0.00837101,0.0101506,0.0115578,0.014703,0.0130125,0.00882477
475,2,17,0.0105454,0.00902022,0.00838023,0.00862321,0.00950532,0.00995488,0.00854815,0.00665787
475,2,18,0.0123518,0.0116648,0.0142595,0.0177148,0.0175271,0.0143124,0.0102519,0.00726104
475,2,19,0.00257285,0.00301317,0.00330674,0.00331805,0.00402436,0.00396738,0.00406493,0.00357625
475,2,20,0.00637214,0.00790011,0.00857733,0.0087534,0.00870241,0.00769791,0.00632578,0.00485789
475,2,21,0.00756006,0.00969417,0.0125628,0.0138144,0.0128972,0.0130599,0.010656,0.0074591
475,2,22,0.00513223,0.00683268,0.00768728,0.00800335,0.00886094,0.00880867,0.00753646,0.00550674
475,2,23,0.00522927,0.00680738,0.00761265,0.00813192,0.00865423,0.00851847,0.00743713,0.00741317
475,2,24,0.00698307,0.00805466,0.00939757,0.0106712,0.0106031,0.0153471,0.0171473,0.0147124
475,2,25,0.0102206,0.00859689,0.0120459,0.014369,0.019683,0.021076,0.0171614,0.0137775
475,2,26,0.00799411,0.007337,0.00608,0.00826897,0.0135486,0.0168667,0.0140309,0.0104506
475,2,27,0.0063739,0.00653619,0.00578965,0.00543007,0.00812693,0.00967048,0.00981847,0.00791787
475,2,28,0.0136845,0.0137487,0.0155157,0.0162944,0.015453,0.0141573,0.0100104,0.00707336
475,2,29,0.00494818,0.00586147,0.00565202,0.007938,0.010704,0.0104511,0.00790358,0.00692003
475,2,30,0.0108836,0.0109345,0.0137058,0.0181011,0.0182219,0.0173359,0.014257,0.0106251
475,2,31,0.00961156,0.00900138,0.00888508,0.00976473,0.0128049,0.0165088,0.0139949,0.00983535
475,2,32,0.014628,0.0135681,0.0141368,0.0149536,0.01442,0.0132028,0.00996065,0.00680179
475,2,33,0.00739277,0.00872647,0.00918462,0.00809074,0.00765221,0.00956368,0.0101192,0.00805763
475,2,34,0.00743553,0.00790428,0.00864233,0.0106677,0.0147304,0.0155043,0.0119835,0.00890009
475,2,35,0.00669464,0.00793336,0.00821966,0.00911319,0.010421,0.0124028,0.0143122,0.0118174
475,2,36,0.00663451,0.00677462,0.00602676,0.00577933,0.0100284,0.0111079,0.0117806,0.00978126
475,2,37,0.00668721,0.00774358,0.0082641,0.00825425,0.00772315,0.00737591,0.00640161,0.00495327
475,2,38,0.00539416,0.00702355,0.00816646,0.0091019,0.00976296,0.00979699,0.00800602,0.00576689
475,2,39,0.00750469,0.00742493,0.00701233,0.00569705,0.00863244,0.0116369,0.0115428,0.00901712
475,2,40,0.00853907,0.00861867,0.00854304,0.00885142,0.0130663,0.0145051,0.01266,0.00963209
475,2,41,0.00755662,0.00789831,0.00820299,0.0121143,0.016415,0.0153283,0.0113052,0.0102505
475,2,42,0.00781882,0.00822827,0.00857934,0.00867606,0.00967513,0.0100087,0.00957884,0.00710494
475,2,43,0.00686041,0.00771573,0.00784003,0.00789418,0.0087256,0.00906792,0.00929833,0.00759785
475,2,44,0.00771001,0.00686711,0.00540227,0.00514994,0.00985625,0.0122867,0.0150873,0.0127383
975,1,1,0.0083082,0.00868788,0.00952208,0.0155613,0.0203259,0.0210113,0.017282,0.0120672
975,1,2,0.0105849,0.00996346,0.0137968,0.0191992,0.0222229,0.0214725,0.0169213,0.0125165
975,1,3,0.0163566,0.0147884,0.0120161,0.0108147,0.0179075,0.0196345,0.017252,0.0127611
975,1,4,0.00951166,0.00849519,0.0100269,0.0113282,0.0129384,0.0132721,0.0130015,0.0126255
975,1,5,0.0170263,0.0126814,0.0115897,0.0146718,0.0154154,0.0140828,0.0120839,0.0118115
975,1,6,0.0115461,0.0100637,0.0101895,0.0122305,0.016566,0.0188918,0.0157502,0.0118378
975,1,7,0.00749514,0.00853388,0.0107009,0.0124632,0.0159992,0.018639,0.0158966,0.0110149
975,1,8,0.0152063,0.01374,0.0135683,0.0152269,0.0161417,0.0163045,0.0147507,0.0129721
975,1,9,0.0272717,0.0244854,0.0230025,0.0216499,0.0186774,0.0162212,0.0140146,0.00985022
975,1,10,0.0118547,0.0129267,0.0181895,0.0233662,0.0249378,0.0220328,0.0150498,0.0112197
975,1,11,0.0156925,0.015802,0.0180186,0.0190288,0.0167184,0.0122578,0.0103622,0.00930156
975,1,12,0.0120377,0.0114383,0.0107609,0.0104814,0.0147024,0.0150964,0.011556,0.00951902
975,1,13,0.0175854,0.0136926,0.0108854,0.0111402,0.0133666,0.0142162,0.0167259,0.014061
975,1,14,0.0142026,0.0126233,0.0113665,0.0110888,0.0142317,0.0179702,0.0184554,0.0141134
975,1,15,0.0166533,0.0133017,0.0102806,0.00933461,0.0142447,0.0166327,0.0128674,0.00946561
975,1,16,0.0157746,0.0120315,0.0106102,0.0120536,0.0134324,0.0170923,0.0150067,0.0104469
975,1,17,0.0128566,0.00956344,0.0100444,0.0109659,0.0121288,0.0108843,0.00841466,0.00776105
975,1,18,0.0174337,0.0162172,0.0206143,0.0247284,0.0242794,0.0191961,0.0135564,0.00865789
975,1,19,0.00366767,0.00429537,0.00471386,0.00472997,0.00573683,0.00565563,0.0057947,0.00509806
975,1,20,0.0135624,0.0134143,0.013006,0.0119027,0.0112104,0.0108358,0.00863231,0.00613034
975,1,21,0.00769222,0.00935355,0.0157424,0.0209972,0.0215303,0.0186119,0.0132094,0.00944326
975,1,22,0.00631458,0.00782713,0.00927491,0.0101484,0.0119414,0.0119759,0.00915087,0.00662443
975,1,23,0.00747167,0.0082168,0.00864069,0.0101332,0.0128982,0.0131566,0.0105486,0.00973783
975,1,24,0.00847643,0.00847595,0.0119543,0.0145744,0.015716,0.0226897,0.0229058,0.0198795
975,1,25,0.0133273,0.0130995,0.0137291,0.0181952,0.025887,0.0277242,0.023501,0.017846
975,1,26,0.012279,0.0103648,0.00931777,0.00837758,0.0143618,0.0172668,0.0166706,0.0148788
975,1,27,0.008564,0.00746122,0.00688562,0.00746521,0.00936859,0.0112445,0.010181,0.00923404
975,1,28,0.0199783,0.0199415,0.0211572,0.0216527,0.0193072,0.0164521,0.0116088,0.00831932
975,1,29,0.00833525,0.00794951,0.0077537,0.0112194,0.0140596,0.0137765,0.0121876,0.0092031
975,1,30,0.0190138,0.0163273,0.0182507,0.0234596,0.0235643,0.0202116,0.0159504,0.0108636
975,1,31,0.0133863,0.0130326,0.0138288,0.0155687,0.020156,0.0241039,0.0203659,0.0161739
975,1,32,0.0248507,0.022083,0.0202982,0.0192763,0.0173432,0.0148623,0.0112436,0.00823143
975,1,33,0.0122345,0.0102347,0.0100114,0.00971751,0.00935139,0.0121301,0.0117828,0.00878121
975,1,34,0.0137473,0.0111597,0.0111867,0.0145019,0.0183698,0.018584,0.0151361,0.0130412
975,1,35,0.00699411,0.00790361,0.00957313,0.0114938,0.0160493,0.016788,0.017081,0.0143476
975,1,36,0.00881559,0.00903214,0.00802282,0.00782891,0.0133698,0.014933,0.0154533,0.012467
975,1,37,0.0122785,0.0115556,0.0116265,0.0114617,0.011529,0.0108988,0.0091095,0.00706105
975,1,38,0.010044,0.00990633,0.010734,0.0115289,0.0113358,0.00986789,0.00814997,0.00629391
975,1,39,0.0103867,0.00900668,0.00819353,0.00750538,0.0111875,0.0144926,0.0131849,0.0122228
975,1,40,0.0166658,0.0147267,0.012392,0.0111295,0.014081,0.0161378,0.0143816,0.0116838
975,1,41,0.0119785,0.0129048,0.0158596,0.0215462,0.0250289,0.0232982,0.0195464,0.0140307
975,1,42,0.0120509,0.0120656,0.0125507,0.0130257,0.0127454,0.0128862,0.0116961,0.00876321
975,1,43,0.00734628,0.00826691,0.00947616,0.0117286,0.0113757,0.0110203,0.0127254,0.0106925
975,1,44,0.0115758,0.0082951,0.00697931,0.00720631,0.0125245,0.0161684,0.020126,0.0189055
975,2,1,0.0083082,0.00868788,0.00952208,0.0155613,0.0203259,0.0210113,0.017282,0.0120672
975,2,2,0.0105849,0.00996346,0.0137968,0.0191992,0.0222229,0.0214725,0.0169213,0.0125165
975,2,3,0.0163566,0.0147884,0.0120161,0.0108147,0.0179075,0.0196345,0.017252,0.0127611
975,2,4,0.00951166,0.00849519,0.0100269,0.0113282,0.0129384,0.0132721,0.0130015,0.0126255
975,2,5,0.0170263,0.0126814,0.0115897,0.0146718,0.0154154,0.0140828,0.0120839,0.0118115
975,2,6,0.0115461,0.0100637,0.0101895,0.0122305,0.016566,0.0188918,0.0157502,0.0118378
975,2,7,0.00749514,0.00853388,0.0107009,0.0124632,0.0159992,0.018639,0.0158966,0.0110149
975,2,8,0.0152063,0.01374,0.0135683,0.0152269,0.0161417,0.0163045,0.0147507,0.0129721
975,2,9,0.0272717,0.0244854,0.0230025,0.0216499,0.0186774,0.0162212,0.0140146,0.00985022
975,2,10,0.0118547,0.0129267,0.0181895,0.0233662,0.0249378,0.0220328,0.0150498,0.0112197
975,2,11,0.0156925,0.015802,0.0180186,0.0190288,0.0167184,0.0122578,0.0103622,0.00930156
975,2,12,0.0120377,0.0114383,0.0107609,0.0104814,0.0147024,0.0150964,0.011556,0.00951902
975,2,13,0.0175854,0.0136926,0.0108854,0.0111402,0.0133666,0.0142162,0.0167259,0.014061
975,2,14,0.0142026,0.0126233,0.0113665,0.0110888,0.0142317,0.0179702,0.0184554,0.0141134
975,2,15,0.0166533,0.0133017,0.0102806,0.00933461,0.0142447,0.0166327,0.0128674,0.00946561
975,2,16,0.0157746,0.0120315,0.0106102,0.0120536,0.0134324,0.0170923,0.0150067,0.0104469
975,2,17,0.0128566,0.00956344,0.0100444,0.0109659,0.0121288,0.0108843,0.00841466,0.00776105
975,2,18,0.0174337,0.0162172,0.0206143,0.0247284,0.0242794,0.0191961,0.0135564,0.00865789
975,2,19,0.00366767,0.00429537,0.00471386,0.00472997,0.00573683,0.00565563,0.0057947,0.00509806
975,2,20,0.0135624,0.0134143,0.013006,0.0119027,0.0112104,0.0108358,0.00863231,0.00613034
975,2,21,0.00769222,0.00935355,0.0157424,0.0209972,0.0215303,0.0186119,0.0132094,0.00944326
975,2,22,0.00631458,0.00782713,0.00927491,0.0101484,0.0119414,0.0119759,0.00915087,0.00662443
975,2,23,0.00747167,0.0082168,0.00864069,0.0101332,0.0128982,0.0131566,0.0105486,0.00973783
975,2,24,0.00847643,0.00847595,0.0119543,0.0145744,0.015716,0.0226897,0.0229058,0.0198795
975,2,25,0.0133273,0.0130995,0.0137291,0.0181952,0.025887,0.0277242,0.023501,0.017846
975,2,26,0.012279,0.0103648,0.00931777,0.00837758,0.0143618,0.0172668,0.0166706,0.0148788
975,2,27,0.008564,0.00746122,0.00688562,0.00746521,0.00936859,0.0112445,0.010181,0.00923404
975,2,28,0.0199783,0.0199415,0.0211572,0.0216527,0.0193072,0.0164521,0.0116088,0.00831932
975,2,29,0.00833525,0.00794951,0.0077537,0.0112194,0.0140596,0.0137765,0.0121876,0.0092031
975,2,30,0.0190138,0.0163273,0.0182507,0.0234596,0.0235643,0.0202116,0.0159504,0.0108636
975,2,31,0.0133863,0.0130326,0.0138288,0.0155687,0.020156,0.0241039,0.0203659,0.0161739
975,2,32,0.0248507,0.022083,0.0202982,0.0192763,0.0173432,0.0148623,0.0112436,0.00823143
975,2,33,0.0122345,0.0102347,0.0100114,0.00971751,0.00935139,0.0121301,0.0117828,0.00878121
975,2,34,0.0137473,0.0111597,0.0111867,0.0145019,0.0183698,0.018584,0.0151361,0.0130412
975,2,35,0.00699411,0.00790361,0.00957313,0.0114938,0.0160493,0.016788,0.017081,0.0143476
975,2,36,0.00881559,0.00903214,0.00802282,0.00782891,0.0133698,0.014933,0.0154533,0.012467
975,2,37,0.0122785,0.0115556,0.0116265,0.0114617,0.011529,0.0108988,0.0091095,0.00706105
975,2,38,0.010044,0.00990633,0.010734,0.0115289,0.0113358,0.00986789,0.00814997,0.00629391
975,2,39,0.0103867,0.00900668,0.00819353,0.00750538,0.0111875,0.0144926,0.0131849,0.0122228
975,2,40,0.0166658,0.0147267,0.012392,0.0111295,0.014081,0.0161378,0.0143816,0.0116838
975,2,41,0.0119785,0.0129048,0.0158596,0.0215462,0.0250289,0.0232982,0.0195464,0.0140307
975,2,42,0.0120509,0.0120656,0.0125507,0.0130257,0.0127454,0.0128862,0.0116961,0.00876321
975,2,43,0.00734628,0.00826691,0.00947616,0.0117286,0.0113757,0.0110203,0.0127254,0.0106925
975,2,44,0.0115758,0.0082951,0.00697931,0.00720631,0.0125245,0.0161684,0.020126,0.0189055
2475,1,1,0.0112431,0.0127628,0.0127785,0.018905,0.0262939,0.0286145,0.025236,0.018552
2475,1,2,0.0143452,0.0123887,0.0165909,0.020854,0.024773,0.0240173,0.0198727,0.0155314
2475,1,3,0.0214748,0.0191661,0.0178614,0.0195413,0.0249019,0.0270317,0.025942,0.0214168
2475,1,4,0.0149626,0.0115767,0.0105761,0.0101694,0.0138214,0.0181897,0.0201956,0.0224358
2475,1,5,0.0199343,0.015212,0.0187852,0.0240566,0.025761,0.0235977,0.0180376,0.0136064
2475,1,6,0.0128783,0.0132767,0.0143526,0.016521,0.0240148,0.0260259,0.0219168,0.0185128
2475,1,7,0.00972023,0.0106273,0.0126897,0.0144644,0.0189535,0.0222197,0.0181702,0.012952
2475,1,8,0.01464,0.0144013,0.0172709,0.0197489,0.0223673,0.0198671,0.0170475,0.0160392
2475,1,9,0.0375545,0.0334531,0.0316938,0.030735,0.0266541,0.0204879,0.01787,0.0143243
2475,1,10,0.0302348,0.0268469,0.0295627,0.0348604,0.0368069,0.0327341,0.0269242,0.0208172
2475,1,11,0.0222071,0.0211518,0.0201989,0.021695,0.0197421,0.015005,0.0110012,0.00909315
2475,1,12,0.0186661,0.0175628,0.0181504,0.0169983,0.0186505,0.0177075,0.0142515,0.0129723
2475,1,13,0.0285726,0.0226034,0.0209728,0.0236229,0.0229648,0.0208649,0.0203488,0.0208874
2475,1,14,0.023713,0.0198037,0.0166617,0.0168038,0.0168428,0.0175193,0.018473,0.0154694
2475,1,15,0.0223105,0.0181807,0.0180794,0.0197329,0.0222097,0.022295,0.0175582,0.0144527
2475,1,16,0.0261155,0.0215725,0.0145889,0.0140976,0.0141343,0.0173732,0.0166873,0.0128992
2475,1,17,0.0293821,0.0258746,0.0213316,0.0174117,0.0149482,0.011839,0.00927805,0.00879125
2475,1,18,0.0140259,0.0144539,0.0236375,0.0288859,0.0284692,0.0228585,0.016398,0.0108723
2475,1,19,0.00580777,0.00609594,0.00679546,0.00693912,0.0081716,0.0081191,0.00804641,0.00737629
2475,1,20,0.0178656,0.0161526,0.0137476,0.0121543,0.0116574,0.0114316,0.00914387,0.00711458
2475,1,21,0.0176949,0.0159519,0.0194915,0.0234863,0.0276138,0.0246546,0.0189277,0.0134048
2475,1,22,0.0135177,0.0135576,0.0147969,0.015319,0.0141836,0.0128877,0.0101701,0.00801542
2475,1,23,0.00986562,0.00962489,0.0115715,0.0151353,0.0167327,0.0157929,0.0156496,0.0145214
2475,1,24,0.0219456,0.0146193,0.0175283,0.0162001,0.0217355,0.0254912,0.0252185,0.0231512
2475,1,25,0.0198206,0.0161632,0.0168503,0.0212474,0.0282965,0.0314165,0.0289351,0.0228211
2475,1,26,0.0222533,0.0205134,0.0177623,0.0176956,0.0200196,0.0225416,0.0212671,0.0182461
2475,1,27,0.00996766,0.00836952,0.00936157,0.0104376,0.0111873,0.0151533,0.0145661,0.0137283
2475,1,28,0.0223333,0.0211427,0.0214405,0.0234614,0.0216485,0.018416,0.0136554,0.00932083
2475,1,29,0.0156625,0.0141429,0.013046,0.0144411,0.0169216,0.01915,0.0154562,0.0119373
2475,1,30,0.0212898,0.0173717,0.0186464,0.0234272,0.0235092,0.0201706,0.0155124,0.0122314
2475,1,31,0.0164341,0.0166001,0.0181602,0.0191909,0.0222454,0.0255859,0.0207743,0.0161479
2475,1,32,0.0254221,0.0226711,0.020419,0.0188025,0.0166706,0.0132226,0.0098379,0.00763296
2475,1,33,0.0206126,0.0169053,0.0123692,0.0127545,0.013708,0.0162717,0.0160244,0.0129797
2475,1,34,0.0240933,0.0217323,0.0179825,0.0170536,0.018402,0.0185096,0.0153032,0.0137348
2475,1,35,0.0136461,0.0118907,0.0103995,0.0131291,0.0208475,0.0235935,0.0194709,0.0170961
2475,1,36,0.0130083,0.0131175,0.0108663,0.0134643,0.0196985,0.0199705,0.0189995,0.0169002
2475,1,37,0.0204776,0.0175383,0.0152831,0.0152622,0.0143357,0.0139419,0.0120056,0.00879695
2475,1,38,0.0224111,0.0205068,0.0200105,0.0207757,0.0187089,0.0159389,0.011884,0.00776063
2475,1,39,0.0181553,0.0155105,0.0133434,0.0107901,0.0158172,0.0183651,0.0175273,0.0167721
2475,1,40,0.0257445,0.0229949,0.0173032,0.0137076,0.0146573,0.0178617,0.0151552,0.0122378
2475,1,41,0.0175887,0.0197202,0.0277438,0.0315669,0.0354962,0.0334046,0.0251871,0.0197084
2475,1,42,0.0159653,0.0148704,0.0169409,0.0187632,0.0184915,0.0171801,0.0160593,0.0134721
2475,1,43,0.0083879,0.00963998,0.012021,0.0170374,0.0167659,0.0145038,0.0127725,0.0128052
2475,1,44,0.0165573,0.0119866,0.0118227,0.0123601,0.016058,0.0191198,0.0203726,0.021236
2475,2,1,0.0112431,0.0127628,0.0127785,0.018905,0.0262939,0.0286145,0.025236,0.018552
2475,2,2,0.0143452,0.0123887,0.0165909,0.020854,0.024773,0.0240173,0.0198727,0.0155314
2475,2,3,0.0214748,0.0191661,0.0178614,0.0195413,0.0249019,0.0270317,0.025942,0.0214168
2475,2,4,0.0149626,0.0115767,0.0105761,0.0101694,0.0138214,0.0181897,0.0201956,0.0224358
2475,2,5,0.0199343,0.015212,0.0187852,0.0240566,0.025761,0.0235977,0.0180376,0.0136064
2475,2,6,0.0128783,0.0132767,0.0143526,0.016521,0.0240148,0.0260259,0.0219168,0.0185128
2475,2,7,0.00972023,0.0106273,0.0126897,0.0144644,0.0189535,0.0222197,0.0181702,0.012952
2475,2,8,0.01464,0.0144013,0.0172709,0.0197489,0.0223673,0.0198671,0.0170475,0.0160392
2475,2,9,0.0375545,0.0334531,0.0316938,0.030735,0.0266541,0.0204879,0.01787,0.0143243
2475,2,10,0.0302348,0.0268469,0.0295627,0.0348604,0.0368069,0.0327341,0.0269242,0.0208172
2475,2,11,0.0222071,0.0211518,0.0201989,0.021695,0.0197421,0.015005,0.0110012,0.00909315
2475,2,12,0.0186661,0.0175628,0.0181504,0.0169983,0.0186505,0.0177075,0.0142515,0.0129723
2475,2,13,0.0285726,0.0226034,0.0209728,0.0236229,0.0229648,0.0208649,0.0203488,0.0208874
2475,2,14,0.023713,0.0198037,0.0166617,0.0168038,0.0168428,0.0175193,0.018473,0.0154694
2475,2,15,0.0223105,0.0181807,0.0180794,0.0197329,0.0222097,0.022295,0.0175582,0.0144527
2475,2,16,0.0261155,0.0215725,0.0145889,0.0140976,0.0141343,0.0173732,0.0166873,0.0128992
2475,2,17,0.0293821,0.0258746,0.0213316,0.0174117,0.0149482,0.011839,0.00927805,0.00879125
2475,2,18,0.0140259,0.0144539,0.0236375,0.0288859,0.0284692,0.0228585,0.016398,0.0108723
2475,2,19,0.00580777,0.00609594,0.00679546,0.00693912,0.0081716,0.0081191,0.00804641,0.00737629
2475,2,20,0.0178656,0.0161526,0.0137476,0.0121543,0.0116574,0.0114316,0.00914387,0.00711458
2475,2,21,0.0176949,0.0159519,0.0194915,0.0234863,0.0276138,0.0246546,0.0189277,0.0134048
2475,2,22,0.0135177,0.0135576,0.0147969,0.015319,0.0141836,0.0128877,0.0101701,0.00801542
2475,2,23,0.00986562,0.00962489,0.0115715,0.0151353,0.0167327,0.0157929,0.0156496,0.0145214
2475,2,24,0.0219456,0.0146193,0.0175283,0.0162001,0.0217355,0.0254912,0.0252185,0.0231512
2475,2,25,0.0198206,0.0161632,0.0168503,0.0212474,0.0282965,0.0314165,0.0289351,0.0228211
2475,2,26,0.0222533,0.0205134,0.0177623,0.0176956,0.0200196,0.0225416,0.0212671,0.0182461
2475,2,27,0.00996766,0.00836952,0.00936157,0.0104376,0.0111873,0.0151533,0.0145661,0.0137283
2475,2,28,0.0223333,0.0211427,0.0214405,0.0234614,0.0216485,0.018416,0.0136554,0.00932083
2475,2,29,0.0156625,0.0141429,0.013046,0.0144411,0.0169216,0.01915,0.0154562,0.0119373
2475,2,30,0.0212898,0.0173717,0.0186464,0.0234272,0.0235092,0.0201706,0.0155124,0.0122314
2475,2,31,0.0164341,0.0166001,0.0181602,0.0191909,0.0222454,0.0255859,0.0207743,0.0161479
2475,2,32,0.0254221,0.0226711,0.020419,0.0188025,0.0166706,0.0132226,0.0098379,0.00763296
2475,2,33,0.0206126,0.0169053,0.0123692,0.0127545,0.013708,0.0162717,0.0160244,0.0129797
2475,2,34,0.0240933,0.0217323,0.0179825,0.0170536,0.018402,0.0185096,0.0153032,0.0137348
2475,2,35,0.0136461,0.0118907,0.0103995,0.0131291,0.0208475,0.0235935,0.0194709,0.0170961
2475,2,36,0.0130083,0.0131175,0.0108663,0.0134643,0.0196985,0.0199705,0.0189995,0.0169002
2475,2,37,0.0204776,0.0175383,0.0152831,0.0152622,0.0143357,0.0139419,0.0120056,0.00879695
2475,2,38,0.0224111,0.0205068,0.0200105,0.0207757,0.0187089,0.0159389,0.011884,0.00776063
2475,2,39,0.0181553,0.0155105,0.0133434,0.0107901,0.0158172,0.0183651,0.0175273,0.0167721
2475,2,40,0.0257445,0.0229949,0.0173032,0.0137076,0.0146573,0.0178617,0.0151552,0.0122378
2475,2,41,0.0175887,0.0197202,0.0277438,0.0315669,0.0354962,0.0334046,0.0251871,0.0197084
2475,2,42,0.0159653,0.0148704,0.0169409,0.0187632,0.0184915,0.0171801,0.0160593,0.0134721
2475,2,43,0.0083879,0.00963998,0.012021,0.0170374,0.0167659,0.0145038,0.0127725,0.0128052
2475,2,44,0.0165573,0.0119866,0.0118227,0.0123601,0.016058,0.0191198,0.0203726,0.021236
4975,1,1,0.0137631,0.0155984,0.0158468,0.0230185,0.0286303,0.0299973,0.0270238,0.0226846
4975,1,2,0.0166894,0.0151388,0.0189776,0.0247048,0.0269858,0.0262452,0.0219754,0.0180892
4975,1,3,0.0343094,0.0304879,0.0284143,0.0277803,0.0281874,0.0287935,0.0298457,0.0260458
4975,1,4,0.0205106,0.0163918,0.0128839,0.0128441,0.017185,0.0224119,0.0233805,0.0265364
4975,1,5,0.0205781,0.0180266,0.0234932,0.0269937,0.0285917,0.0250026,0.0219032,0.0177989
4975,1,6,0.0199082,0.017724,0.0184432,0.0204593,0.0239959,0.0240004,0.0185202,0.0169675
4975,1,7,0.0139298,0.0137704,0.0148113,0.0180044,0.0207862,0.0224444,0.0178338,0.0132719
4975,1,8,0.0214316,0.0207948,0.0220769,0.026314,0.0272993,0.023369,0.018548,0.0173829
4975,1,9,0.0308722,0.0286023,0.0253565,0.0256847,0.0258482,0.0249778,0.0215988,0.0183878
4975,1,10,0.0877622,0.0752296,0.0515356,0.0430795,0.0408519,0.0372748,0.0293691,0.0217085
4975,1,11,0.0259515,0.0259815,0.0245683,0.0240233,0.0235822,0.0188367,0.0121449,0.0102228
4975,1,12,0.0190189,0.0182333,0.018712,0.0184527,0.021924,0.0238302,0.0210518,0.0219891
4975,1,13,0.0441544,0.038304,0.0299393,0.0306489,0.0294152,0.0248392,0.0204744,0.0198377
4975,1,14,0.0336857,0.0306307,0.0188726,0.0184882,0.0188797,0.0222303,0.0216668,0.0202054
4975,1,15,0.0473,0.0333128,0.0307409,0.0301689,0.0298299,0.0269888,0.0207814,0.0176115
4975,1,16,0.034051,0.0301517,0.0179171,0.0178367,0.0202878,0.019033,0.0180757,0.0158103
4975,1,17,0.0557024,0.0492239,0.0299647,0.023769,0.0192371,0.0142576,0.0102018,0.00937272
4975,1,18,0.0206969,0.0187328,0.0238391,0.0298954,0.0297217,0.0249104,0.0180712,0.0126612
4975,1,19,0.00866714,0.007755,0.00836418,0.00863055,0.00984877,0.0101493,0.00921764,0.00921808
4975,1,20,0.0233219,0.0200274,0.0169587,0.0142331,0.0144757,0.0134506,0.012376,0.00926672
4975,1,21,0.0257868,0.0221281,0.0291782,0.0301271,0.0294458,0.0269629,0.0210052,0.0156096
4975,1,22,0.016148,0.015617,0.0163742,0.0164118,0.0182071,0.0175533,0.013887,0.00933017
4975,1,23,0.0120515,0.0111822,0.015839,0.0198776,0.0219763,0.0206603,0.0204054,0.0193307
4975,1,24,0.0375779,0.0213953,0.0204978,0.0185341,0.0298703,0.0333119,0.0296854,0.0260293
4975,1,25,0.0238054,0.0211936,0.0272796,0.0296091,0.0312341,0.0325768,0.0291683,0.0234191
4975,1,26,0.0329087,0.0287994,0.0243646,0.0243737,0.0260062,0.0264121,0.0248795,0.0221548
4975,1,27,0.0129953,0.0129518,0.0124835,0.0141722,0.0120684,0.0168682,0.0157912,0.0141967
4975,1,28,0.0222295,0.0229003,0.0254024,0.0253773,0.0219589,0.0195113,0.0137055,0.00902846
4975,1,29,0.0209442,0.0181131,0.0176929,0.0213653,0.0195721,0.0199618,0.0156629,0.0125849
4975,1,30,0.0278154,0.0244743,0.0293542,0.0269471,0.0250309,0.023011,0.0177572,0.014593
4975,1,31,0.020352,0.0214489,0.0231365,0.0221558,0.0235482,0.0249984,0.0203205,0.0156238
4975,1,32,0.0438206,0.039982,0.0326175,0.0267857,0.020533,0.015605,0.010974,0.0076113
4975,1,33,0.0329964,0.0281284,0.0206717,0.0193911,0.0185499,0.0182224,0.0199109,0.0202917
4975,1,34,0.0379358,0.0364197,0.0235553,0.0252778,0.0242684,0.0204702,0.0163084,0.0165969
4975,1,35,0.0209347,0.0165945,0.0127557,0.0181762,0.0248503,0.0282396,0.022644,0.0184971
4975,1,36,0.0164733,0.0136939,0.0131393,0.0156839,0.0217468,0.023687,0.0212653,0.0213402
4975,1,37,0.0266343,0.0234835,0.0202825,0.0194514,0.0182415,0.0160524,0.0139843,0.0106702
4975,1,38,0.0416114,0.0364566,0.0310024,0.0288594,0.0278864,0.0229152,0.0157,0.00988643
4975,1,39,0.0290582,0.0259584,0.0211877,0.0183794,0.0208923,0.0230667,0.0219032,0.0191705
4975,1,40,0.0345631,0.0309914,0.0195735,0.0126321,0.0173928,0.0206504,0.0177179,0.0139695
4975,1,41,0.0372952,0.0359674,0.0428855,0.0469841,0.0470718,0.0426081,0.0314833,0.0230978
4975,1,42,0.0388702,0.0339936,0.030101,0.0277228,0.0263884,0.0221791,0.0163342,0.0143015
4975,1,43,0.0127304,0.0119799,0.012725,0.0177043,0.0170447,0.0159289,0.0145359,0.0153226
4975,1,44,0.0217834,0.0179393,0.015944,0.0153869,0.0174299,0.0223819,0.0214306,0.0212816
4975,2,1,0.0137631,0.0155984,0.0158468,0.0230185,0.0286303,0.0299973,0.0270238,0.0226846
4975,2,2,0.0166894,0.0151388,0.0189776,0.0247048,0.0269858,0.0262452,0.0219754,0.0180892
4975,2,3,0.0343094,0.0304879,0.0284143,0.0277803,0.0281874,0.0287935,0.0298457,0.0260458
4975,2,4,0.0205106,0.0163918,0.0128839,0.0128441,0.017185,0.0224119,0.0233805,0.0265364
4975,2,5,0.0205781,0.0180266,0.0234932,0.0269937,0.0285917,0.0250026,0.0219032,0.0177989
4975,2,6,0.0199082,0.017724,0.0184432,0.0204593,0.0239959,0.0240004,0.0185202,0.0169675
4975,2,7,0.0139298,0.0137704,0.0148113,0.0180044,0.0207862,0.0224444,0.0178338,0.0132719
4975,2,8,0.0214316,0.0207948,0.0220769,0.026314,0.0272993,0.023369,0.018548,0.0173829
4975,2,9,0.0308722,0.0286023,0.0253565,0.0256847,0.0258482,0.0249778,0.0215988,0.0183878
4975,2,10,0.0877622,0.0752296,0.0515356,0.0430795,0.0408519,0.0372748,0.0293691,0.0217085
4975,2,11,0.0259515,0.0259815,0.0245683,0.0240233,0.0235822,0.0188367,0.0121449,0.0102228
4975,2,12,0.0190189,0.0182333,0.018712,0.0184527,0.021924,0.0238302,0.0210518,0.0219891
4975,2,13,0.0441544,0.038304,0.0299393,0.0306489,0.0294152,0.0248392,0.0204744,0.0198377
4975,2,14,0.0336857,0.0306307,0.0188726,0.0184882,0.0188797,0.0222303,0.0216668,0.0202054
4975,2,15,0.0473,0.0333128,0.0307409,0.0301689,0.0298299,0.0269888,0.0207814,0.0176115
4975,2,16,0.034051,0.0301517,0.0179171,0.0178367,0.0202878,0.019033,0.0180757,0.0158103
4975,2,17,0.0557024,0.0492239,0.0299647,0.023769,0.0192371,0.0142576,0.0102018,0.00937272
4975,2,18,0.0206969,0.0187328,0.0238391,0.0298954,0.0297217,0.0249104,0.0180712,0.0126612
4975,2,19,0.00866714,0.007755,0.00836418,0.00863055,0.00984877,0.0101493,0.00921764,0.00921808
4975,2,20,0.0233219,0.0200274,0.0169587,0.0142331,0.0144757,0.0134506,0.012376,0.00926672
4975,2,21,0.0257868,0.0221281,0.0291782,0.0301271,0.0294458,0.0269629,0.0210052,0.0156096
4975,2,22,0.016148,0.015617,0.0163742,0.0164118,0.0182071,0.0175533,0.013887,0.00933017
4975,2,23,0.0120515,0.0111822,0.015839,0.0198776,0.0219763,0.0206603,0.0204054,0.0193307
4975,2,24,0.0375779,0.0213953,0.0204978,0.0185341,0.0298703,0.0333119,0.0296854,0.0260293
4975,2,25,0.0238054,0.0211936,0.0272796,0.0296091,0.0312341,0.0325768,0.0291683,0.0234191
4975,2,26,0.0329087,0.0287994,0.0243646,0.0243737,0.0260062,0.0264121,0.0248795,0.0221548
4975,2,27,0.0129953,0.0129518,0.0124835,0.0141722,0.0120684,0.0168682,0.0157912,0.0141967
4975,2,28,0.0222295,0.0229003,0.0254024,0.0253773,0.0219589,0.0195113,0.0137055,0.00902846
4975,2,29,0.0209442,0.0181131,0.0176929,0.0213653,0.0195721,0.0199618,0.0156629,0.0125849
4975,2,30,0.0278154,0.0244743,0.0293542,0.0269471,0.0250309,0.023011,0.0177572,0.014593
4975,2,31,0.020352,0.0214489,0.0231365,0.0221558,0.0235482,0.0249984,0.0203205,0.0156238
4975,2,32,0.0438206,0.039982,0.0326175,0.0267857,0.020533,0.015605,0.010974,0.0076113
4975,2,33,0.0329964,0.0281284,0.0206717,0.0193911,0.0185499,0.0182224,0.0199109,0.0202917
4975,2,34,0.0379358,0.0364197,0.0235553,0.0252778,0.0242684,0.0204702,0.0163084,0.0165969
4975,2,35,0.0209347,0.0165945,0.0127557,0.0181762,0.0248503,0.0282396,0.022644,0.0184971
4975,2,36,0.0164733,0.0136939,0.0131393,0.0156839,0.0217468,0.023687,0.0212653,0.0213402
4975,2,37,0.0266343,0.0234835,0.0202825,0.0194514,0.0182415,0.0160524,0.0139843,0.0106702
4975,2,38,0.0416114,0.0364566,0.0310024,0.0288594,0.0278864,0.0229152,0.0157,0.00988643
4975,2,39,0.0290582,0.0259584,0.0211877,0.0183794,0.0208923,0.0230667,0.0219032,0.0191705
4975,2,40,0.0345631,0.0309914,0.0195735,0.0126321,0.0173928,0.0206504,0.0177179,0.0139695
4975,2,41,0.0372952,0.0359674,0.0428855,0.0469841,0.0470718,0.0426081,0.0314833,0.0230978
4975,2,42,0.0388702,0.0339936,0.030101,0.0277228,0.0263884,0.0221791,0.0163342,0.0143015
4975,2,43,0.0127304,0.0119799,0.012725,0.0177043,0.0170447,0.0159289,0.0145359,0.0153226
4975,2,44,0.0217834,0.0179393,0.015944,0.0153869,0.0174299,0.0223819,0.0214306,0.0212816
